rank,username,unique_ac,total_minutes
1,kwm_t,747,11011.15
2,sigtuna,736,8434.25
3,Glemim,694,10817.42
4,mihhiael,681,8136.82
5,gomarine,662,11809.55
6,kidodesuyo,653,8362.97
7,Rumain,646,12667.18
8,neverly084,618,10601.9
9,ktr216,618,10731.9
10,shingo0909,613,8224.32
11,lddlinan,613,9234.37
12,Aryu,607,10322.22
13,YuuPika,607,10597.53
14,hibit,603,10357.53
15,v7fgg,603,10810.57
16,imazato,591,8239.92
17,prd_xxx,585,8163.72
18,dice360,581,9146.15
19,t0yama,580,8982.8
20,sharking,578,8676.23
21,manuo,570,6640.27
22,m041,548,8782.73
23,TakaakiUmedu,546,9639.22
24,piyo1999,533,11661.5
25,mmatsumoto1026,523,10139.0
26,Lirius,498,8098.7
27,yamate11,491,8444.18
28,GOTKAKO,490,6627.95
29,katalonecfly,489,9783.78
30,moon17,485,13430.43
31,yoshibo,474,10449.42
32,ArcAki,473,10856.35
33,magurofly,468,4950.25
34,askr_58,468,6294.57
35,darrenhp,463,7336.75
36,Sukyakura,460,14671.08
37,kurooo,449,6851.23
38,hnhskni,435,4854.52
39,ratjohny,432,8503.22
40,AT_Lele,428,6997.12
41,n_wisteria,412,6726.27
42,tkykwtnb,393,5511.93
43,tumuz,392,6724.15
44,igeee,390,9488.08
45,shinyak,390,10805.82
46,ahoy,389,7160.55
47,ococonomy1,383,3323.05
48,zawatin,379,4568.98
49,g222,378,5901.97
50,miztom,376,9363.3
51,alignedOne,371,9090.58
52,seekworser,362,5083.22
53,htp32,362,6800.97
54,MeSeaw,357,6680.72
55,ossan343,353,5784.5
56,hytkxd,353,6450.27
57,ZollingerPython3,348,4663.37
58,torus711,348,6818.82
59,jastaway,346,4952.75
60,S142857,341,4934.07
61,Bolero,339,5747.42
62,rabot,329,4698.48
63,Nick_s,328,3170.82
64,makotonald,321,7327.52
65,jikei,320,6986.6
66,Egor,316,3586.82
67,kdg870918,315,5889.23
68,kzyKT,315,6031.18
69,npnp,314,5420.18
70,onezero,308,5964.37
71,InTheBloom,305,7293.58
72,hidehico,303,4094.65
73,gravekper,302,5503.43
74,roromiya_tenkei,295,6582.35
75,batasanblog,288,6053.63
76,june193,286,5456.58
77,TKTYI,285,3743.12
78,KA37RI,285,5789.2
79,unidayo,283,4035.8
80,addx,280,5988.4
81,abueo,276,7448.73
82,Banis,276,7507.47
83,yakiringo,275,5059.42
84,aprilhare,274,4866.72
85,msksknkn,272,5105.72
86,logix,270,4963.6
87,KumaTachiRen,269,3365.1
88,twins_fuyu,265,5667.73
89,loop0919,259,6164.1
90,monzou,259,6661.67
91,katsumata68,258,2875.23
92,frostflower,257,5130.35
93,ika3gg,256,3883.65
94,ishibashihotaru,252,3502.83
95,FplusFplusF,249,3468.03
96,miya256,249,4863.2
97,coder_sy,246,6241.53
98,mitukage24,244,2932.48
99,bellman1114,240,3436.6
100,rrrriki,238,3179.73
101,hiro1729,236,2997.83
102,Tsumertet97,235,3671.02
103,fuguriris,233,6231.52
104,balakrishnan_v,230,8323.92
105,kemuniku,227,2706.95
106,okudeottu,224,3435.55
107,noriok,222,6088.42
108,Johniel,221,4407.18
109,kakaokakao,220,2998.75
110,eroblaze,217,4109.25
111,t98slider,217,4669.15
112,shuphy129,216,3602.58
113,yoniha,216,4108.88
114,gomaazarasi,215,2419.3
115,kazukun1311,215,3639.0
116,samayawara,211,3400.38
117,ssaimanjunath,207,7033.25
118,aruru88,202,3765.27
119,hanagee,199,2920.38
120,gaoyuliang,198,6207.85
121,UT0911,197,3916.87
122,moldie,197,4470.7
123,Nenad,197,6385.42
124,Tamiji,196,2167.93
125,tmrtmr,195,3392.6
126,kawashima0222,194,5133.48
127,amesyu,193,3355.13
128,yasutake88,190,4420.3
129,llixew,188,4697.72
130,po_chan,187,3461.58
131,Mann_Chauhan,187,4105.72
132,pnum7,186,3094.5
133,timi,186,3403.73
134,shogo314,185,4529.9
135,usk99,184,3328.03
136,wsaleem,183,4161.57
137,sasayu,181,4695.83
138,edon8618,179,2770.5
139,AwashAmityOak,178,2685.2
140,daikusutora3,178,3350.33
141,underwater,173,2595.3
142,Tatsu_mr,173,4677.65
143,paramj,172,3256.12
144,makimakimakki,169,3110.03
145,omochi_gyuhi,168,2779.83
146,jnjkhjlkjhb8,168,3676.07
147,Tehom,167,3010.67
148,Nissylog246,166,2932.27
149,LyricalMaestro,163,2827.45
150,toshi_hiroshima,162,2291.3
151,Shizen,160,2984.07
152,Citypop,158,2866.65
153,Flashingtw,158,3523.77
154,ychangseok,157,2211.4
155,ajgttm,156,2259.13
156,shirogane1234,155,2845.8
157,Rirnon,153,2088.88
158,satoyuki,153,2969.13
159,Jane_Smith,153,3031.92
160,Lidelie,152,3514.43
161,ais_out,152,3696.9
162,reverd,151,3437.38
163,kmjp,151,3972.12
164,occhan,150,3002.88
165,PrincessAAA,150,3280.13
166,agw02010,150,3389.32
167,castle_,146,2588.63
168,Dareon,145,3007.73
169,mogura20,144,2254.23
170,sirsoldano,144,2886.92
171,sukiyaki1019,144,3407.48
172,ttttt66,142,2474.28
173,meelacu_23,142,2941.33
174,AD010,141,2531.38
175,ToshihiroSaga,141,2771.7
176,dyktr_06,140,2254.4
177,jendolkk,140,3438.28
178,OilDrum,139,1977.08
179,hossie,139,4802.35
180,miya145592,137,3053.52
181,allegrogiken,136,2800.3
182,iastm,135,1162.15
183,AbhinavGupta,135,2651.38
184,tpgugmu,135,3440.95
185,Lumium,134,2113.85
186,undeadliberty,134,2730.27
187,Zig3014,134,2863.82
188,amentorimaru,133,1675.23
189,Mikankyan,132,2396.25
190,yh_0202,131,2268.13
191,Nikaa,130,2038.0
192,konghaojie,130,2746.17
193,Facade,130,2761.08
194,Aegeaner99,129,3873.02
195,sabermyking,127,2929.17
196,Z_P,127,2930.42
197,PCTprobability,126,910.42
198,kaede2020,126,2187.53
199,suri1326,126,2365.52
200,phoenixdumble,126,3429.73
201,ThatOnePypyUser,125,2030.8
202,uruzunyaa,124,3485.73
203,ts5208,123,1231.47
204,sumochi,123,2405.05
205,micci,122,1801.97
206,river0525,121,1428.7
207,TomysLabo,121,1989.15
208,judgelaw,121,2534.55
209,iomir,120,2933.53
210,reinsirk,119,1790.95
211,Nachia,118,1071.58
212,rinrion,118,1650.97
213,yorksyo,118,2795.53
214,up84,118,3384.85
215,sklamba,117,3068.45
216,a_s_k,117,3512.9
217,topi,117,3729.4
218,wjli,116,1206.25
219,Est1017,116,1614.63
220,kyad,116,2143.9
221,Junatc,116,3037.9
222,YTOK,113,2296.48
223,usedchang,113,2904.68
224,Baozii,112,715.13
225,yskwtnb,112,1807.9
226,DamoCode,112,2044.95
227,stsmz,111,2329.13
228,ishigaki122,110,1410.33
229,migen,110,1872.22
230,ChopinWaltz,110,1892.12
231,Mikan04y,110,2134.4
232,sifuri,110,2536.62
233,Show_541,110,2538.93
234,Coder2086,109,2269.4
235,jinhan814,109,2412.22
236,YForr,109,2835.07
237,JarryChen,109,4019.73
238,tobusakana,108,1394.3
239,nmy,108,2010.45
240,wmq9527,108,2488.6
241,silur,108,2578.53
242,applysia,107,1294.25
243,kmmtkm,107,1535.32
244,Ecola,107,1878.45
245,lemon123456,105,2095.87
246,gujingqi2026,105,2981.9
247,miraclefruit,104,1987.0
248,shobonvip,104,2222.98
249,tingshuo,104,2637.92
250,elphe,103,2149.22
251,ShreyasK29,103,2319.43
252,sorachandu,103,2709.17
253,poisonkumaa,102,1597.63
254,eggeggwe,102,2336.1
255,yukinekoHifumi,101,1090.02
256,jet0312,101,2738.23
257,alpha0314sub,100,1211.3
258,itto4869,100,1546.18
259,ramumsrk,100,2459.25
260,shunta,99,1227.18
261,k3g,98,1490.0
262,kuronosu1024,98,1657.07
263,komichi,98,2165.65
264,x__0,98,2575.1
265,codingtrickster,98,2672.53
266,hiro_hiro,97,2839.03
267,RSHER,96,914.5
268,harurun4635,96,1156.27
269,kamike,96,1884.7
270,riririr,95,1414.3
271,urunea,95,1750.7
272,bugleave,95,2285.48
273,raru_,94,1407.53
274,jazzymaxine,94,1463.95
275,detteiuu,93,961.0
276,424479543,93,1640.93
277,Volit190n_,93,1955.08
278,namipom,92,2590.23
279,varkala_thoma,91,1232.83
280,RioBluss,91,1887.22
281,tau1235,90,1092.18
282,Kude,90,1203.9
283,Cubber,90,1231.27
284,m1ffyz,90,1523.65
285,snoozerain,90,1589.8
286,makio93,90,2159.88
287,shira_111,90,2275.48
288,Justinshao,89,1168.65
289,knvck,89,1414.9
290,strael,89,1480.55
291,hato_,89,1632.52
292,ajinkya1p3,88,1556.32
293,NikhilChaturvedi,88,1937.13
294,isee,88,2453.4
295,sgfc,88,2741.8
296,biltharesatyendr,87,1870.58
297,chenAustin,87,2419.25
298,Syun_cp,85,1216.12
299,cled0328,85,1258.43
300,hekiboko0926,85,1436.07
301,tau0529,85,1465.9
302,masafumi,85,1564.37
303,tseki,85,1783.92
304,onigiRe,85,2283.85
305,hiryuN,84,1083.85
306,tyi,84,1356.9
307,Prasad34225,84,1441.87
308,masakam1,84,1877.88
309,goldenpotato,83,1119.23
310,cheMMath1023,83,1403.48
311,kurigen,83,1431.92
312,kuhaku,83,1567.78
313,Interstellar001,83,1706.53
314,NormalSubGroup,82,1282.07
315,toshx,82,1372.27
316,Hachimori,82,1899.27
317,adwdas,81,1917.67
318,suzhougaochenzhe,80,1205.37
319,kengou,80,1655.52
320,WAan,80,2068.4
321,Sm4Bt,80,2123.38
322,kirameku,79,1010.05
323,E49869826,79,1012.15
324,Konishii,79,1054.32
325,lwrnc788,79,1305.18
326,ruthen71,79,1427.97
327,hakakeen,79,1595.82
328,shikase,78,1030.65
329,AzAhnaf2003,78,1758.17
330,hobal,77,1041.63
331,hitori3,77,1192.95
332,Kinogas,76,1529.52
333,anobaga,76,1558.47
334,eller,76,1620.73
335,campane,76,1795.27
336,softflow,75,1321.43
337,aPNJ777,75,1698.63
338,zhhhanry,75,1701.57
339,yuuki_n,75,1708.73
340,dokukinoko,74,1049.65
341,houren,74,1423.75
342,ponzoie,74,1668.18
343,sorag,73,1066.7
344,atofujiosukai,73,1344.22
345,liuximu,73,1467.53
346,taketii,72,1085.75
347,diaoman,72,1358.58
348,Today03,72,1440.85
349,qwq_pyt,72,1516.57
350,hcx_sgy,72,1660.98
351,liufengyi,72,1693.33
352,hiromi_ayase,72,2296.1
353,pengyuhao123,71,877.22
354,Mackentaro,71,1125.73
355,akatsuki7c8,71,1534.32
356,guanghui,71,1564.05
357,Modifier,70,852.03
358,vone,70,990.07
359,applist,70,1086.35
360,Dbydiandian,70,1149.47
361,hanmingxi,70,1380.98
362,u64,70,1436.17
363,Nyanp4su,70,1472.8
364,pengin,70,1588.3
365,poino,70,1731.22
366,matcha_pudding,70,1795.63
367,arrsty217,69,1132.95
368,angeloman7,69,1266.32
369,tmb,69,1295.57
370,Takuumi0141,69,2304.8
371,wyyinput,68,801.9
372,KFrom40,68,1303.63
373,prev1was_count,68,1483.33
374,abc864197532,67,527.92
375,mid_,67,1162.65
376,P_A,67,1314.3
377,batapi0311,67,1372.17
378,daguotuan,67,1725.75
379,mackerel38,67,1849.22
380,Misuki,66,507.15
381,kazuppa,66,732.7
382,okkuu2,66,840.95
383,Pasta112,66,1301.13
384,Echia,66,1434.77
385,jangojangojango,66,1538.12
386,ly_fish,66,1577.22
387,sampling,65,706.03
388,phoyo,65,1044.02
389,lmori,65,1072.75
390,ntukey,65,1488.32
391,akazuki8,64,1062.45
392,GuppyNitro,64,1169.25
393,sh1nduu,64,1369.33
394,nullpointerlog,64,1613.3
395,wsy0655,64,2104.9
396,ei8ht,64,2169.13
397,kashihal,63,915.85
398,Jinapetto,63,947.23
399,elcirco,63,1116.03
400,wyf20091230,63,1467.62
401,zhangqixuan0819,63,2109.5
402,yesantikiss,62,654.58
403,rurumaru,62,902.77
404,harada5656,62,996.37
405,AAu,62,1182.65
406,skye1428,62,1251.33
407,Tyui23357,62,1287.47
408,Tuchmos,62,1300.8
409,ryupepe,62,1463.33
410,Alex1124,62,2054.95
411,jkrt2,61,686.9
412,xerox51,61,1023.0
413,enumati,61,1089.78
414,achapi,61,1104.67
415,JusticeHui,60,706.13
416,blueberry1001,60,915.2
417,ayuyuyu,60,976.03
418,wasd314,59,620.55
419,Re73,59,975.85
420,menboy,59,1013.2
421,hatsukaiwa,59,1165.93
422,kyutatsu,59,1191.63
423,HalMat,59,1268.77
424,coindarw,59,1380.2
425,yuuDot,59,1440.4
426,wightou,58,1305.23
427,okku_n9,58,1351.55
428,chanini,58,1439.97
429,huangyixin,57,577.07
430,from_apocalypse,57,1106.03
431,grus2838,57,1206.33
432,skkippy,57,1437.15
433,kendama4,57,1665.32
434,uuuu_s,56,824.05
435,cirno3153,56,841.18
436,sato_sato,56,871.05
437,PikaBlaze,56,941.95
438,Benjamin_taro,56,1093.63
439,Alekhkr,56,1208.03
440,gkishor03,56,1615.23
441,fumta,56,1726.83
442,merumerun,55,912.62
443,wafyubfhbsfc,55,1173.23
444,Koo__,55,1179.15
445,komite,55,1325.72
446,TOMATO10,55,1400.03
447,everlast1ng,54,822.37
448,HeJie,54,929.33
449,windingot,54,932.62
450,anmichi,54,961.78
451,isym444,54,1053.63
452,DingTianyue,54,1173.87
453,MNoNamer,54,1270.95
454,maeda3,54,1355.1
455,wahahawa,54,1777.47
456,fslong,54,2148.33
457,suu8038,53,834.3
458,wzxqwq2,53,987.53
459,zhzh0323,53,1250.17
460,umezo,53,1523.5
461,Gautam2003Kumar,53,1676.72
462,yamadanull,52,637.02
463,perfectoutsider,52,785.48
464,mehrradin,52,805.28
465,paleApricot,52,827.1
466,zettsut,52,846.17
467,duxingpeng,52,1003.25
468,heyuxuanyyds,52,1045.65
469,Unbakedbread,52,1055.22
470,jin_tt,52,1069.62
471,deuteridayo,52,1216.55
472,Sanjarbe,52,1471.18
473,QuasarixPrime,52,1537.47
474,chernozem,51,807.62
475,goropikari,51,1110.83
476,eiich,51,1112.15
477,ryo1212,51,1132.83
478,ZakGrivell,51,1227.45
479,RaghavanT,51,1536.9
480,mara_dona,51,1633.17
481,Gakugakuta,50,720.08
482,umimel,50,724.22
483,LemonChicken,50,741.03
484,Darko2026,50,794.95
485,kaliafluorido,50,806.27
486,fktm,50,846.53
487,ks2m,50,941.83
488,ChihayaRinka,50,1108.97
489,Charlotte_yyds,49,440.82
490,yuusaan,49,533.72
491,Tatsup1ch,49,646.03
492,rapca,49,841.43
493,ljs32423,49,883.12
494,iakioi114514,49,1020.5
495,JiangYC2011,49,1054.93
496,TruncatedSamosa,49,1445.77
497,Davlatbe,49,1500.52
498,Rssll_Krkgrd,48,446.67
499,bluerini,48,764.22
500,Akijin_007,48,918.97
501,alcea,48,1184.68
502,besukohu,47,599.82
503,ONPU3,47,617.37
504,urectanc,47,646.08
505,MisumiCoder,47,662.37
506,yk0495,47,1091.48
507,sen469,47,1115.57
508,soy_codex,46,678.83
509,bakazikara,46,703.35
510,atm314,46,708.27
511,harurun,46,792.82
512,breso,46,817.27
513,LiJunsong,46,834.53
514,yuki4869,46,876.77
515,taisei_iida,46,1263.15
516,Shohta0512,46,1334.7
517,Kyo25,45,140.12
518,HBit,45,339.25
519,noya2,45,512.38
520,tenagazaru,45,627.12
521,manabeai,45,762.63
522,puts,45,836.38
523,shonNMIXX,45,876.83
524,syann,45,899.83
525,aa36,45,905.82
526,ASGOER,45,1102.43
527,LxRBS,45,1190.07
528,AngrySadEight,45,1261.83
529,stafx,44,541.23
530,becaido,44,544.28
531,Medakaa,44,552.53
532,educated,44,596.62
533,qym0809,44,600.32
534,ayutake,44,668.43
535,Duv,44,810.93
536,mkreem,44,811.85
537,Baiqiwei,44,1018.7
538,noobslayerk07,44,1046.82
539,cskuo,44,1047.42
540,abs_a,44,1058.77
541,amrit_overhail,44,1115.88
542,nekoti,44,1133.65
543,teruteru_source,44,1178.58
544,SamitO_o,44,1200.57
545,fraiser,44,1254.78
546,IrBorane,43,548.48
547,zhangzhenqi,43,586.67
548,ronak0987,43,604.45
549,KK_Poker,43,703.22
550,KEYBO,43,720.2
551,catupper,43,805.67
552,showtodo,43,808.85
553,hhk,43,819.82
554,LIama,43,828.88
555,MorLeaves,43,895.33
556,ineedAC,43,939.6
557,tombo_,43,1055.57
558,Akinasu_aki,43,1100.08
559,kakemaru,43,1244.2
560,barasanStar,43,1263.58
561,EZMario,43,1515.12
562,Forested,42,521.97
563,kusuninu,42,638.02
564,MoSooN,42,640.02
565,ponjuice,42,668.87
566,yttk,42,726.5
567,Tak_Ajjinomoto,42,771.68
568,q5ogmo3go7,42,801.25
569,tanaka2_55,42,896.72
570,chenzhongyu,42,981.3
571,montyy,42,1013.15
572,blank_test,42,1050.27
573,2025syl,42,1333.48
574,GhostFace,42,1356.62
575,CommandSR,41,386.62
576,takytank,41,632.72
577,takahashi_uni,41,701.8
578,coder_cookie,41,704.65
579,toyboot4e,41,715.13
580,maou1,41,858.1
581,furuoro,41,881.9
582,Lethey,41,1040.98
583,liangjeremy,41,1075.75
584,Zyzhs,41,1111.53
585,affkfr13,41,1189.02
586,Yswang,41,1197.92
587,tassei903,41,1274.6
588,Kev1511,40,394.2
589,kotatsugame,40,409.03
590,yama_can,40,584.68
591,Icho,40,680.85
592,titan23,40,751.9
593,kamekiti_mars,40,755.92
594,nunchan,40,798.97
595,hushojin,40,857.0
596,sky_carrot666,40,892.43
597,toku4388,40,902.03
598,yaaya,40,922.23
599,Tagir,40,928.72
600,ni_devx,40,1026.23
601,on_Sunday,40,1086.4
602,notrainboy,39,439.23
603,strafp,39,531.83
604,mnti,39,532.62
605,snuke,39,561.95
606,Michaelihc,39,656.27
607,EduardoBrito,39,668.93
608,luohaozhi1,39,738.38
609,dhfl07,39,777.42
610,Timmy1224,39,828.67
611,lescot,39,896.32
612,tarusu_so,39,900.52
613,funasshiii,39,936.9
614,doDaylightCycle,39,1037.85
615,shan_01,39,1045.17
616,moonkis,39,1321.95
617,caz37OwO,38,377.68
618,Yoyoyo8128,38,400.1
619,joker_x,38,672.67
620,Sozima,38,736.65
621,mekemeke_san,38,807.08
622,nono00,38,852.27
623,CrayonShinchan,38,902.75
624,POLYBIUS,38,979.55
625,xiaoe,38,1005.45
626,zzl2013,38,1095.55
627,Adithya_02,38,1152.58
628,zjz_6653,37,547.87
629,mkkms,37,594.13
630,Nauclhlt,37,623.42
631,Ashnu2567,37,640.05
632,Ardi,37,657.55
633,wujingsheng,37,711.6
634,shikineko9625,37,820.65
635,Takenokomeshi,37,881.45
636,delta71,36,501.85
637,tomcat1233,36,706.53
638,Hinakomufu,36,769.28
639,reizouko264,36,798.17
640,licht1732,36,867.15
641,yuki10008,36,920.95
642,japaneseotaku,36,982.28
643,OeH,36,1089.27
644,rui_er,35,220.23
645,shibaken496,35,353.78
646,Aslbek,35,740.48
647,miho4,35,755.7
648,Amagaeru,35,859.03
649,gikadai,35,887.98
650,tnk3a,34,404.2
651,c1ampy,34,488.93
652,zhongyouheng,34,536.42
653,kousaba,34,624.3
654,Max114514,34,635.68
655,TKO,34,636.93
656,ryuusagi,34,640.67
657,aketijyuuzou,34,651.93
658,Antiphilia,34,691.0
659,rich_chanel,34,715.15
660,yuiz,34,737.33
661,veerviren,34,768.83
662,CocaKoala,34,869.9
663,esteem,34,962.12
664,PureMilk,34,1217.7
665,Fysty,33,360.73
666,kentakunkentakun,33,387.13
667,tatyam,33,450.95
668,Syaku8,33,523.82
669,chana,33,590.85
670,Guran08,33,615.75
671,jiahojian0228,33,673.1
672,Gerland,33,1039.83
673,youngdp,33,1041.5
674,cutetuanzi666,33,1163.18
675,potato167,32,384.22
676,tRu,32,384.47
677,rms,32,531.27
678,asdf12,32,568.73
679,aotyam,32,569.22
680,RedSpica,32,616.53
681,Rice_tawara459,32,632.87
682,Jayling,32,646.68
683,rmp,32,721.37
684,dgfls25,32,759.83
685,zuba,32,806.58
686,zhuhan,32,817.75
687,himueu,32,881.17
688,o_elyas,32,956.05
689,Angeline,32,1173.65
690,qw1234321,31,189.65
691,motokik,31,328.97
692,alexyy55,31,391.17
693,hirayuu_At,31,455.52
694,ringo_neko,31,528.32
695,littlegirl112,31,548.3
696,Azaraa,31,585.13
697,axiom,31,674.22
698,jiangqiao,31,764.13
699,zze,31,768.52
700,Equinox__,31,855.42
701,hotpepsi,31,979.85
702,tryeverything,31,1034.1
703,diobrando97,31,1067.87
704,ZS_Chen_Zhen2026,31,1086.7
705,freygigja,31,1114.62
706,trv,30,282.52
707,Ricky214365,30,376.0
708,apricity,30,391.22
709,sinzyousan,30,397.23
710,RumineMocha,30,419.57
711,tomcai1,30,463.47
712,ZeriToki,30,582.08
713,weichenchi,30,669.25
714,Prrapp,30,671.75
715,Yiqinian,30,673.45
716,nutee,30,696.78
717,cnlihuan,30,751.23
718,gastnoch19,30,762.57
719,Wu_,30,782.13
720,t001s,30,1033.98
721,wushiheng2024,30,1190.55
722,hirakuuuu,29,310.8
723,kaori_s,29,452.78
724,dongzirui0817,29,465.38
725,qz5zwangzihan1,29,504.7
726,mazechuan,29,515.72
727,sqzume,29,516.93
728,MongHwa,29,517.78
729,pratham999111,29,528.32
730,yuyu1213,29,577.17
731,Litz,29,586.58
732,omoU,29,589.18
733,aoriso,29,628.22
734,InnocnetLu,29,633.42
735,Lit_to,29,634.72
736,luckyK,29,642.52
737,kENN3N,29,740.25
738,Jdod,29,748.65
739,IlovecodingC,29,843.07
740,w24nishi,28,370.23
741,redallen,28,372.53
742,sanjiaozhou,28,425.25
743,takeonicky,28,448.13
744,samcpp,28,497.63
745,milkcoffee,28,516.75
746,Aseteyan,28,526.5
747,tyuyu_62,28,529.77
748,gore2015,28,564.2
749,Tyranno_Gyaos,28,585.83
750,Akari__,28,632.12
751,redial_,28,666.95
752,KYOSHIU,28,711.3
753,SKristof0306,28,722.45
754,pyth2,28,724.23
755,hrh2026,28,747.65
756,touma6174,28,822.2
757,wengyifan,28,853.07
758,happytimer,28,1247.48
759,Magentor,27,238.63
760,maisuma,27,370.2
761,FPython,27,374.25
762,vewake,27,419.18
763,baluteshih,27,433.72
764,konayuki,27,446.2
765,ntuda,27,459.97
766,ryota70th,27,464.8
767,macaroni5708,27,469.93
768,angeloman,27,475.43
769,anke,27,497.2
770,jiuxun,27,499.6
771,aks1617,27,512.6
772,NamelessRET,27,513.9
773,shooonya,27,536.43
774,Binomial,27,556.0
775,nishinoyama,27,562.73
776,acphot2,27,572.1
777,t5ugu,27,579.13
778,yasut0ra,27,589.4
779,rykazari,27,590.13
780,iamkn17,27,604.9
781,nona3838,27,659.73
782,nano329,26,234.45
783,s1mply,26,384.08
784,jsntzth,26,409.15
785,aqua_dhmo,26,425.65
786,bird01,26,462.03
787,elbf,26,482.27
788,NandhiniS,26,511.98
789,liuzhengshen,26,513.0
790,akinyan,26,648.28
791,NothingAtall,26,659.02
792,KiKoS,26,669.97
793,bekhruz,26,695.82
794,tcfsh1622noob,26,711.42
795,anemone__,26,1112.6
796,linjy,25,140.15
797,IH14,25,234.97
798,fukemachi,25,240.43
799,Shyler_Yunxi,25,251.95
800,dbtodqorrn250,25,257.83
801,Banana_Surface,25,278.05
802,wiwiho,25,291.02
803,Fra_,25,321.73
804,lybord,25,326.32
805,this54c,25,338.77
806,SorahISA,25,342.1
807,coldspeed,25,351.68
808,PotassiumNitrate,25,358.28
809,sbknk,25,374.87
810,gsh07013004,25,388.95
811,babbrian,25,392.42
812,dabper13,25,398.75
813,KellyH,25,435.93
814,suakii,25,436.35
815,calseeeee,25,440.23
816,Ziad3ssam10,25,444.08
817,ykj48,25,447.05
818,kkbb,25,461.27
819,shinchan,25,462.32
820,Germanium032,25,472.92
821,kotomiko,25,480.82
822,QiuJing,25,492.03
823,SigMan,25,492.28
824,zzZAB,25,499.23
825,hyoka7,25,549.4
826,shin9,25,555.55
827,amankrdk4,25,556.73
828,Kcits970,25,610.53
829,Yuaeb_698,25,620.45
830,just_go,25,639.88
831,keni____,25,665.77
832,hjh24035,25,680.48
833,googology,25,686.72
834,zzy2014,25,701.33
835,FatalError29,25,703.08
836,samanddeanus,25,704.97
837,henryzh,25,749.52
838,itokoi,25,762.23
839,takahiro_ibaraki,25,1074.23
840,WoodReal12,24,95.37
841,n_o_n_o_n,24,246.92
842,aogera,24,272.48
843,RWD,24,324.33
844,nanahash,24,344.12
845,youtoon,24,344.65
846,tawiahwillin,24,348.67
847,subzcuber,24,416.72
848,Killbot,24,418.03
849,nsubaru,24,443.8
850,cpp_noob,24,488.25
851,VultureSpring,24,501.08
852,KuronekoStrap,24,509.63
853,tom7201,24,531.95
854,GYqun1,24,536.62
855,sasa_05,24,541.45
856,Matocc,24,545.18
857,NONODOKA,24,557.15
858,fozzii,24,557.67
859,pekerkat,24,581.33
860,pichulia,24,584.85
861,m_bhaskar,24,587.8
862,satama6,24,597.82
863,namankmwt,24,611.13
864,nelpatra,24,647.88
865,TKTY1,24,694.32
866,UttamS,24,721.08
867,orzegg,24,809.98
868,maspy,23,263.75
869,DrDuck,23,280.17
870,Anago_pie,23,292.7
871,hamu_chan,23,293.05
872,koalajasper,23,318.0
873,prism4291_,23,369.27
874,ytsutsu,23,374.45
875,mizu7e,23,384.7
876,mahi_mahi_,23,395.98
877,alanzhang0101,23,398.05
878,addnine,23,407.17
879,kento_maeda,23,408.83
880,mudon,23,411.62
881,Luffy34225,23,428.62
882,Many712,23,429.97
883,Ratstar216,23,492.98
884,PMS,23,503.03
885,fudaoxun,23,508.12
886,hxy654321,23,521.4
887,Hugewide,23,528.25
888,ccy20130127,23,533.3
889,Kazunium,23,536.55
890,dingkiller,23,543.1
891,ChengyunSun,23,552.88
892,MI6174,23,563.62
893,liusixun2024,23,567.6
894,hirohiso,23,567.78
895,yezicong1104,23,572.67
896,Tangjiahe,23,579.45
897,RadrRadr,23,620.6
898,Mustafar,23,730.58
899,Esu0,23,730.65
900,lbjhqs,23,817.57
901,dakksh_29,22,87.0
902,lbx2012,22,256.22
903,kangwonWHS,22,294.18
904,akidaily,22,299.42
905,blameazu,22,313.17
906,GB5,22,332.92
907,Mdsc286_1,22,337.32
908,Manson289,22,346.13
909,akebono03,22,397.52
910,tfl_tkpc,22,401.95
911,Thebai2357,22,418.03
912,PeaQa,22,420.28
913,tanpaku,22,422.0
914,ysaga,22,436.03
915,pleaseinputtext,22,441.92
916,hyouchun,22,467.32
917,puwenxiao,22,467.55
918,Deus1704,22,478.95
919,Akhmadjon,22,526.27
920,motomoto0001,22,554.37
921,omiwotuke,22,557.97
922,ssmbc2929_bartok,22,569.5
923,tatesoto,22,598.4
924,kidultli1307,22,640.1
925,daryll,22,737.2
926,bender,22,742.03
927,wanui,22,776.15
928,DataLover,22,854.47
929,nkname,21,280.57
930,pilgrim_dev,21,294.75
931,natoriusan,21,321.12
932,OblongVeil4309,21,321.18
933,gue,21,322.6
934,wuyihe,21,331.13
935,sakuda00,21,360.3
936,Sachikosan,21,378.0
937,fzoi_wcy,21,386.75
938,pel,21,386.85
939,littlechange,21,411.33
940,cjdst,21,414.33
941,serelia,21,422.33
942,Adhfi,21,425.15
943,BadRandom,21,447.83
944,fortunatly,21,460.82
945,a741128,21,482.6
946,nibrm,21,503.68
947,hanlabong,21,518.58
948,Niffler,21,519.4
949,VitoYan,21,550.85
950,chierin3,21,551.25
951,Amane__,21,558.8
952,value_path,21,564.48
953,I_Am_rOOOOhan,21,566.93
954,circled_9,21,571.15
955,aligeee,21,572.43
956,QingFuan,21,572.53
957,mogobon,21,644.55
958,Deemo_ML,21,648.62
959,ransewhale,21,818.53
960,zhuxz,20,22.43
961,SYNB666,20,47.67
962,Rogi,20,104.82
963,Felix72,20,148.08
964,SFLS_AI_WINNER,20,171.83
965,nasa,20,187.73
966,kenkenken48763,20,188.05
967,mythofys,20,195.12
968,DeepThink,20,206.6
969,zkvl0,20,209.35
970,aacpschool,20,249.0
971,Shutcapybara,20,253.17
972,a_computers,20,255.3
973,Taiki0715,20,273.48
974,von_arrow,20,277.87
975,Apoptoxin,20,288.28
976,raitikunn,20,291.65
977,JX154,20,302.77
978,Rohan_D_Skaria,20,306.45
979,shiomusubi496,20,326.3
980,tomatiti,20,335.57
981,Uzawa_Reisa,20,350.62
982,winter_2521,20,357.22
983,miroqqwy,20,374.55
984,sh_mug,20,376.65
985,moon_set,20,379.25
986,Maddy_22,20,382.93
987,kinokinoo,20,407.17
988,Hosh1mi,20,414.72
989,lxh20110629,20,426.77
990,rabbitsayhello,20,451.83
991,Max27,20,453.57
992,Saki1103,20,457.0
993,shadow9,20,460.85
994,Compiler_mind,20,475.85
995,ibu9254,20,498.75
996,TianX7891,20,507.87
997,Himanshu_aCE,20,511.08
998,bxrl111,20,523.93
999,ANgt,20,541.47
1000,YoisakiKanade,20,593.03
1001,vyakash114514,20,606.3
1002,Aditya988,20,625.27
1003,dubit,20,653.75
1004,Daksh_the_hacker,20,656.9
1005,AgneyK,20,662.87
1006,s_anchez,20,671.02
1007,lomwymad,20,676.15
1008,LuckyF_11,20,692.15
1009,luoyenews,19,166.97
1010,Shiro_neko,19,235.33
1011,yakouchuu,19,244.97
1012,Jackis666,19,251.42
1013,humingyu_sb,19,260.08
1014,lindelof,19,261.92
1015,imdashraful17,19,263.72
1016,gw2204,19,290.65
1017,alphagomaster,19,296.43
1018,siooisi,19,314.42
1019,lexi38623,19,316.07
1020,sharpca,19,320.48
1021,Rho17,19,346.42
1022,Katu2ou,19,362.83
1023,FSJB,19,373.18
1024,Lusine,19,379.88
1025,fzphq,19,379.93
1026,yezi_2014,19,415.43
1027,hamada_bo,19,421.48
1028,zhongchende,19,422.27
1029,WillowLog,19,433.9
1030,sainath_jangewad,19,436.63
1031,newPrateek,19,440.62
1032,Harunyann,19,452.9
1033,lihaohao,19,489.23
1034,Hak_ari,19,522.93
1035,viral,19,523.87
1036,onekey,19,528.9
1037,fnt,19,547.32
1038,koukanni,19,560.8
1039,huhanxuan,19,568.82
1040,garlex,19,584.63
1041,taizaizhi,19,604.97
1042,creamsand,19,618.47
1043,Balaji_777,19,675.93
1044,Tomo271828,19,687.85
1045,miraclegirl,19,704.85
1046,DB0917,18,239.13
1047,wsy20080329,18,246.68
1048,KAMITOcxy,18,251.27
1049,Litms,18,253.63
1050,huhaoming,18,267.6
1051,mkzkm,18,279.62
1052,Furakuta,18,295.8
1053,dipesh23,18,306.08
1054,firiexp,18,317.65
1055,sk091204,18,317.92
1056,Gogalvijay,18,329.4
1057,jeba27,18,335.4
1058,reicalgrst,18,335.72
1059,karinohito,18,352.1
1060,shinji_mm,18,362.18
1061,kedama_,18,374.68
1062,xwy114514,18,376.72
1063,Shota_Otsuka,18,380.45
1064,t154654,18,390.0
1065,tungyicheng,18,397.13
1066,fontflows,18,398.92
1067,hm__23,18,404.48
1068,peyu,18,409.68
1069,Goose_Leader,18,410.18
1070,yoppy,18,412.28
1071,zhuangzhicheng,18,482.18
1072,TinTrung,18,496.42
1073,CyrilZsy,18,550.18
1074,mattariusagi,18,586.62
1075,Vageesh,18,669.13
1076,Dharan,18,710.53
1077,Sunrise_up,17,89.8
1078,bandai0412,17,195.67
1079,tynkou,17,210.18
1080,mono_1729,17,225.23
1081,xmy1234567890,17,237.85
1082,ztjxyzxyz882,17,261.47
1083,HFRHowctvQ,17,276.03
1084,_M_,17,280.13
1085,AllAce,17,281.85
1086,doqusa,17,297.87
1087,flemins,17,326.58
1088,2011ryf,17,330.42
1089,lanbilin,17,334.52
1090,wohuixinfude,17,347.33
1091,tle_adi,17,352.25
1092,qzx314,17,357.45
1093,m4ushold,17,358.17
1094,CuteCube,17,359.18
1095,lihaoyang0317,17,366.15
1096,nemesis01,17,366.42
1097,kur0,17,367.98
1098,marveltrekmma2,17,375.28
1099,BrightNight,17,377.43
1100,berry,17,384.7
1101,kosumo77,17,396.93
1102,Dragon66677750,17,399.92
1103,aeroX_01,17,420.6
1104,avadhi_04,17,420.68
1105,AnupBarman,17,425.93
1106,zhefangxinxi,17,448.32
1107,ke90iehRG,17,457.25
1108,2025qwl,17,482.42
1109,gugadawang,17,492.82
1110,Q_E_D_,17,494.17
1111,I_Love_Charlie,17,543.6
1112,yura1685,17,593.4
1113,champignondayo,17,609.93
1114,flyasdfvcxz,17,664.38
1115,TakoCoder,16,117.5
1116,ACQQQQ,16,175.18
1117,alllllllllly,16,175.62
1118,yuuyuu1729,16,182.85
1119,Hydrogen332,16,199.13
1120,liuzehua112233,16,203.95
1121,ont_JPN,16,208.23
1122,az23456,16,213.4
1123,daisybunny,16,240.02
1124,encry,16,244.67
1125,orangekid,16,259.43
1126,Emmetthor,16,264.57
1127,muratraqli01,16,269.73
1128,jimmy9_666,16,271.22
1129,sunxuanyu,16,271.6
1130,jbyxm,16,272.53
1131,iwakawa0501,16,275.13
1132,huka,16,277.0
1133,noshinn,16,279.15
1134,goih,16,287.95
1135,tkms,16,290.95
1136,nnh915,16,309.72
1137,Rahimov,16,324.48
1138,ryan_aggarwal,16,338.4
1139,lyc10032,16,346.53
1140,shshr,16,349.63
1141,imoken_p,16,367.48
1142,WuTUT,16,367.77
1143,JZ2025qzyGanfan,16,371.02
1144,huangqishuo,16,382.02
1145,someone_,16,382.03
1146,Asuka666,16,389.43
1147,TwoSquirrels,16,393.03
1148,AmCsus2B,16,394.68
1149,ei2520,16,405.12
1150,Ariga,16,412.42
1151,Ryoga_exe,16,414.9
1152,huanghaolun,16,424.38
1153,32BACH1,16,433.88
1154,thecoolguy,16,436.3
1155,cacampu,16,449.2
1156,hrh2025,16,459.4
1157,abhay_pandey7777,16,469.13
1158,gw24107,16,482.28
1159,Jun1013,16,484.32
1160,OYus,16,488.33
1161,gixim,16,489.17
1162,hekiroi,16,502.12
1163,sukesann,16,520.98
1164,sara_tkhs,16,544.17
1165,glaceon1020,16,668.72
1166,taka2005,16,712.5
1167,msyu,15,12.83
1168,zdd6310,15,21.92
1169,gonhu1234,15,43.65
1170,Bitreliica,15,46.42
1171,Genshin_ht,15,59.32
1172,Collin118170,15,74.75
1173,Nth2fade,15,76.17
1174,Floweryhb,15,91.45
1175,U_no_who,15,97.9
1176,aoori,15,100.22
1177,Priestess_SLG,15,108.92
1178,mya3,15,120.37
1179,saki_koromo,15,128.28
1180,cyzr,15,130.02
1181,yu23578,15,131.97
1182,ThomasQuan,15,154.6
1183,a01sa01to,15,154.7
1184,hartesuzuiki,15,159.13
1185,Nichi10p,15,174.07
1186,coduckstudent,15,175.63
1187,savneet08,15,176.88
1188,tatt61880,15,177.88
1189,SouSou196883,15,178.92
1190,tetra4,15,179.8
1191,ppmn_6,15,180.12
1192,dengweile,15,182.52
1193,chenmohan,15,195.87
1194,starptzawarudo,15,208.58
1195,SpriteQXQ,15,211.87
1196,Solalyth,15,212.97
1197,shkii,15,215.25
1198,choco_tanaka,15,218.48
1199,RabbitWhite,15,219.32
1200,insert,15,223.08
1201,kassl,15,224.8
1202,TianM23,15,225.55
1203,Rudra_7,15,228.97
1204,fjtmessi10,15,230.52
1205,mocop,15,231.27
1206,saku03081,15,233.0
1207,naby,15,241.6
1208,kohakunushi,15,241.67
1209,megaro,15,242.1
1210,mattferrer,15,242.22
1211,writeAhead,15,250.43
1212,sibarseki,15,254.62
1213,es13nt_A_1,15,254.87
1214,H0H0,15,257.72
1215,lcx_13456,15,259.58
1216,Kyoka3180,15,259.63
1217,tofusan_lemonp,15,271.58
1218,liangyoulin,15,272.37
1219,xzc2023,15,276.4
1220,kac17,15,281.0
1221,manybear,15,282.63
1222,yurina256,15,287.55
1223,at21km43,15,291.83
1224,Tangzy0121,15,293.63
1225,honyif,15,297.32
1226,annkake_yaki,15,299.13
1227,kouty,15,304.8
1228,aoenginyaa,15,317.35
1229,JingZeWu,15,319.42
1230,RoBin05,15,332.87
1231,world_kiana,15,333.43
1232,HHmiyako,15,334.72
1233,phyllo,15,338.87
1234,magicaldavid,15,339.6
1235,Mimiii,15,342.52
1236,AdhishHazra,15,348.37
1237,ouubai,15,354.53
1238,ardRiriy,15,356.48
1239,pas4,15,367.77
1240,kuromath,15,371.12
1241,hypersoweak,15,383.03
1242,Codetu,15,386.3
1243,SANJu043,15,389.12
1244,gw2250xyn,15,397.28
1245,zkl018,15,401.33
1246,diange,15,408.23
1247,cd6dzy,15,410.85
1248,benjaminshih2,15,422.05
1249,orange_fruit,15,426.28
1250,AugustZSH,15,427.18
1251,chouhui,15,431.7
1252,programX,15,432.38
1253,ygonepiece,15,439.9
1254,shashwat379,15,462.87
1255,m00n1ight,15,466.43
1256,LVYB,15,471.53
1257,GHJ2023,15,480.95
1258,SaeeBarve,15,488.3
1259,khanh_thien,15,495.08
1260,yrlpiao,15,532.43
1261,harveyspecter,15,538.52
1262,mochaowo,15,566.3
1263,ra5anchor,15,607.97
1264,VusatOrujov,15,620.02
1265,h4sk,14,119.75
1266,wuenzi1,14,141.48
1267,Malb7mm,14,148.12
1268,AdTerram,14,154.08
1269,pitP,14,173.43
1270,T1610,14,178.82
1271,nickhider,14,179.82
1272,tosuto,14,186.65
1273,rei_03b7,14,186.67
1274,puyo,14,195.33
1275,yimiya,14,205.58
1276,NASU41,14,209.52
1277,szlt,14,214.22
1278,YZ_,14,214.48
1279,Chenhaoqi,14,215.35
1280,gdst,14,217.17
1281,Sai_Krishna_Puni,14,222.65
1282,tAbErU,14,223.5
1283,dicecu,14,225.62
1284,Nanmo,14,234.1
1285,mtfucker,14,236.58
1286,chenzehan,14,240.57
1287,potato1938,14,245.1
1288,nekooooooo,14,250.7
1288,stefandragos,14,250.7
1290,friedturtleee,14,252.88
1291,hyx141121,14,256.4
1292,0xyyy,14,256.77
1293,ZeroOneBFS,14,258.57
1294,nikoro256,14,259.37
1295,domo421,14,266.95
1296,NOMI1,14,267.8
1297,aryanishappy,14,274.43
1298,stevetoken,14,276.63
1299,nemy,14,282.25
1300,mizarjp,14,291.98
1301,makk,14,294.23
1302,fukurogi,14,299.08
1303,Vanilla_xi,14,301.97
1304,chnluogu732101,14,302.87
1305,sxyz88,14,307.8
1306,sai_ac,14,308.43
1307,tim981030,14,309.12
1308,tyLingyu,14,311.13
1309,tuttutu256,14,319.55
1310,chierin2,14,329.35
1311,Gauravkumar74123,14,337.33
1312,hyxfzoi,14,349.65
1313,ReacherWu,14,350.0
1314,tomo8,14,356.2
1315,violet0810,14,368.45
1316,Alex0210,14,368.93
1317,Jeff_rin,14,380.97
1318,srinidhikn,14,399.25
1319,ZBXqwqtysc0454,14,399.52
1320,Sh1kiNatSume,14,429.58
1321,kunieri110,14,442.8
1322,AKIRAA,14,443.57
1323,WangZhanYu,14,457.08
1324,Prabudh_,14,480.1
1325,LanYan0202,14,502.4
1326,Lqd0f,13,85.63
1327,Cute__yhb,13,90.15
1328,fengenrong,13,115.78
1329,Ao02,13,133.17
1330,Nagerhide,13,138.1
1331,rai_suta,13,152.43
1332,Dragonator3301,13,162.52
1333,binap,13,165.3
1334,charlotte_cpp,13,178.2
1335,ShanLing,13,188.9
1336,sclara,13,191.4
1337,surinrin,13,194.42
1338,elf48,13,197.43
1339,maple_1016,13,211.28
1340,kazu107,13,223.32
1341,SoulKnight,13,223.33
1342,suisankafe2,13,233.87
1343,tanuki33550336,13,236.55
1344,qianwai,13,236.6
1345,wqz13,13,240.88
1346,PratinavGupta,13,243.48
1347,helongyun,13,244.47
1348,c20282037,13,246.3
1349,O_dayo,13,249.9
1350,chenyuan3,13,250.88
1351,pentaproton,13,256.15
1352,ah686634,13,259.17
1353,ShenyouWu,13,262.1
1354,Salaadaaa,13,263.98
1355,Dona_,13,270.75
1356,ACQwQ,13,278.72
1357,EasonAAA,13,283.23
1358,kurodesu,13,285.75
1359,Kremlin897,13,285.85
1360,fly_in_sky,13,287.42
1361,Sunjf,13,298.85
1362,yiwiy9,13,300.02
1363,Yoshi03,13,304.3
1364,xnneko,13,310.23
1365,scotch_at,13,311.12
1366,nakLon,13,316.77
1367,Nemurerukame,13,317.25
1368,chensian,13,321.78
1369,Windyshadow,13,322.05
1370,kenistry,13,324.25
1371,Wsj21661949,13,326.92
1372,Nihonielse,13,327.87
1373,woshixuxiaode,13,329.1
1374,tetitubuta,13,334.2
1375,Mnxtactic,13,334.27
1376,uthso,13,335.2
1377,G_S_Z,13,337.87
1378,Nishant_17,13,345.28
1379,kurf18,13,360.33
1380,naresh_r,13,362.63
1381,tnt__,13,368.13
1382,amartya110,13,372.73
1383,zhoushuoyu,13,373.68
1384,Ruudddiiii,13,380.88
1385,yuelai,13,398.52
1386,xcyb,13,402.62
1387,Ez_Elephant,13,412.23
1388,YZ_L,13,419.05
1389,HenryQ2022,13,420.05
1390,WYX1210,13,427.47
1391,GinLee,13,431.55
1392,Shiro_S,13,447.97
1393,ox11adm1n,13,450.7
1394,Techtronics21,13,531.92
1395,Swayamb,12,54.02
1396,CorgiHere,12,135.82
1397,yuiseya,12,144.2
1398,alexwice,12,150.17
1399,wzr130113,12,161.62
1400,LogikLegende,12,164.38
1401,human_machine,12,169.02
1402,nobsun,12,174.72
1403,suzuya,12,176.7
1404,asutario,12,176.9
1405,Ferrocene,12,197.8
1406,Limingxuan,12,199.58
1407,tb158,12,208.95
1408,FallenPrince,12,211.23
1409,ABCEfive,12,219.75
1410,TetO_0819,12,222.28
1411,ztyroy,12,224.07
1412,BenKenobi,12,226.37
1413,yangzitong2025,12,226.47
1414,firework72,12,234.98
1415,ha_chan,12,236.18
1416,toshikoshi_ramen,12,239.37
1417,YBLukitaB,12,241.23
1418,ytamu555,12,246.1
1419,KeitaroNaruse,12,246.43
1420,Lamian,12,249.47
1421,Kristof,12,255.37
1422,Red__river,12,262.25
1423,hayabusa286,12,269.0
1424,Daichin_,12,270.22
1425,huguanfu,12,272.47
1426,Turgen,12,277.75
1427,newsname,12,285.52
1428,easternest,12,287.05
1429,superhorse,12,288.75
1430,hecia,12,289.47
1431,Phenanthrene86,12,289.6
1432,cheetah3621,12,296.97
1433,suitosama123456,12,304.15
1434,IlIlIlIlIlIlIlIl,12,305.47
1435,NOKOMIZ,12,305.83
1436,furikus,12,306.98
1437,adityahumein,12,313.3
1438,sakib1290,12,315.48
1439,Cheng0928,12,319.92
1440,2028zhanghuan,12,320.02
1441,fangshang2015,12,323.17
1442,Sma,12,325.78
1443,paneer_momos,12,337.28
1444,h001639,12,338.77
1445,classicc,12,342.33
1446,Wang_Kevin,12,342.7
1447,wDrFtgyLp,12,345.17
1448,aaa1013,12,346.33
1449,MichaelZeng,12,346.87
1450,kuruma_zensoku,12,351.88
1451,Aphelion,12,352.32
1452,Aditya91,12,362.88
1453,ryu__ji,12,377.15
1454,caizhengyan,12,377.27
1455,fzoi_lzw,12,379.0
1456,omuraisu06,12,380.37
1457,tsuchinoto,12,384.23
1458,HashiRyunosuke,12,386.95
1459,You13579,12,387.02
1460,Backwardbus,12,393.77
1461,sanjana02,12,416.07
1462,shige111,12,427.1
1463,gourav100110,12,460.0
1464,Qr_sake777,12,475.63
1465,ShubhamYadav27,12,504.23
1466,yupiteru,12,549.55
1467,AWC_winner,11,67.95
1468,musab03,11,77.38
1469,emmoy,11,96.98
1470,jinchengli,11,119.72
1471,smilences,11,123.22
1472,jumoku,11,126.33
1473,2010wenzichun,11,129.68
1474,asasui2,11,131.97
1475,TNT_THT,11,143.73
1476,hotate29,11,144.37
1477,yuanhaorana,11,151.65
1478,pinkteenager,11,154.72
1479,Andrew8128,11,158.78
1480,VoidalityK,11,162.03
1481,fnoilhyang,11,169.0
1482,T1win,11,172.17
1483,daiten1024,11,174.32
1484,hokuto9982,11,177.85
1485,star_1,11,178.08
1486,mipad,11,178.2
1487,guppi_03,11,180.38
1488,izuch,11,183.45
1489,zhangjizhiava,11,187.88
1490,theHrishikesh,11,197.12
1491,tom953,11,199.17
1492,kurao2924,11,199.28
1493,UlviX,11,201.35
1494,Santhoshkumar06,11,202.07
1495,Frank66,11,210.8
1496,ASST,11,211.95
1497,JustinZhang,11,213.68
1498,csy001,11,214.43
1499,luluka,11,214.97
1500,Ebraam_Yousef,11,215.85
1501,tompan,11,221.68
1502,wjm07,11,228.9
1503,naesira,11,232.85
1504,green_tommm,11,233.48
1505,Jessie1247,11,234.03
1506,heh0smallZ,11,245.43
1507,Hekimov038,11,247.32
1508,XM_AtCoder,11,252.33
1509,ATlei,11,260.5
1510,nourin_nusrat,11,261.17
1511,cpranobo,11,267.6
1512,ZilinXie,11,271.47
1513,goodpjw2008,11,271.65
1514,chenyanzhang321,11,272.1
1515,aonyx64,11,274.18
1516,Lux_Chen,11,274.28
1517,keskess,11,285.05
1518,T101010101,11,286.12
1519,Priyanshu_yadav,11,293.38
1520,youngerrr,11,301.35
1521,AXT_AyaKoto,11,308.22
1522,liecrew,11,311.72
1523,cherilgracenciya,11,314.12
1524,BK_228,11,314.4
1525,Rutai,11,316.1
1526,by_avra,11,321.9
1527,dwx2,11,322.77
1528,hetwizzy,11,325.88
1529,CienMua,11,327.85
1530,wmxw,11,327.95
1531,sandblast0257,11,333.35
1532,rahul_18,11,334.5
1533,Aptx2006,11,336.83
1534,Sueh,11,342.67
1535,elitecoder123,11,342.7
1536,lsy123456,11,346.1
1537,maimmm,11,347.53
1538,infinite2021,11,351.33
1539,ikd,11,354.73
1540,hy9360,11,359.28
1541,zhouxingyu,11,366.82
1542,jash_,11,409.38
1543,Kingsleytang,11,468.18
1544,AshRise,11,482.27
1545,harvsftw,11,491.47
1546,aslam45,11,493.97
1547,kaartikarora,11,505.08
1548,Forsaken_,10,13.5
1549,Lionblaze,10,18.67
1550,gangbengr,10,24.92
1551,cleber0328,10,25.05
1552,gomatyann,10,39.83
1553,Sparse_Table,10,42.6
1554,CuteMurasame,10,47.58
1555,Murasame1st,10,61.72
1556,liboya5074,10,66.03
1557,M289,10,68.02
1558,ei13333,10,69.58
1559,ui_shig,10,69.65
1560,aaa_Pigeon,10,72.32
1561,Hyperbolic,10,78.38
1562,CHDfan,10,83.57
1563,warner1129,10,85.68
1564,gongruixin2012,10,88.03
1565,AtcoderHelper,10,90.18
1566,zzr,10,91.35
1567,kusano,10,94.97
1568,buko,10,98.87
1569,a_computers_xh,10,99.38
1570,qzl_114514,10,99.53
1571,Dinexic,10,99.85
1572,Liubaokai,10,103.95
1573,zundamochi_1117,10,104.45
1574,xzy_caiji,10,108.88
1575,computers_office,10,109.05
1576,M1sumi_1chika,10,112.97
1577,HenryGe,10,119.82
1578,ATRI_,10,119.9
1579,chan120714,10,123.52
1580,rokuhati,10,123.83
1581,qazxcftgbnmlp,10,126.2
1582,hzm0310,10,126.22
1583,cmh101001,10,126.35
1584,yukisiro,10,126.68
1585,chenchuze,10,128.23
1586,k_k_pyrhon,10,129.75
1587,Rubikun,10,130.08
1588,WebP,10,131.9
1589,tnktsyk,10,133.6
1590,dlamini_ntokozo,10,137.75
1591,aaabug,10,138.47
1592,tardigrade,10,140.57
1593,Rawnak_Arzumand,10,141.53
1594,WhiteCatBlackHat,10,146.08
1595,Mark_Pr,10,148.55
1596,jay153,10,150.32
1597,mindflux,10,150.7
1598,Harry_Kame,10,153.88
1599,kariya1975,10,155.75
1600,shuqiang,10,156.28
1601,timgo2025,10,156.75
1602,fengshenghao,10,158.38
1603,mosaseka,10,158.68
1604,yuanjiaye,10,159.3
1605,Inokun_,10,159.78
1606,kenbantataki,10,159.9
1607,Osman_Avci,10,160.37
1608,Kansu,10,162.28
1609,qzyz_zmx1,10,163.1
1610,Excpp,10,164.23
1611,gsmpraneeth,10,167.8
1612,suitosama123,10,170.22
1613,phriaync,10,170.73
1614,karishma_26,10,172.42
1615,H_R_K,10,173.8
1616,Leal_al,10,174.8
1617,catlong,10,175.58
1618,P_C_star,10,178.0
1619,dirtblock,10,180.12
1620,saikat_deb,10,180.3
1621,HoyHoyCharhang,10,182.77
1622,frexe,10,183.73
1623,Eason_cyx,10,184.62
1624,CHD,10,185.4
1625,cumihitampakkris,10,185.6
1626,nekomachan,10,185.78
1627,yangzichen1203,10,187.55
1628,howh,10,189.73
1629,XiaoYiii,10,191.82
1630,fxxss366,10,194.58
1631,qwertyuiop615243,10,197.78
1632,lingzihao,10,198.85
1633,yorokonbu,10,200.28
1634,zainulhaq,10,202.8
1635,Kan05,10,202.98
1636,premcode,10,203.52
1637,kangfuxunlianllx,10,203.67
1638,itoito1234,10,203.7
1639,elmulberreed,10,203.8
1640,jjjxs,10,206.48
1641,DeekshitaK03,10,207.27
1642,MuktorFM_Main,10,207.93
1643,Hussein01,10,208.82
1644,divine21,10,210.05
1645,TowaYokoyama,10,213.48
1646,a880rh,10,213.83
1647,lgud181u,10,214.9
1648,keerthi1303,10,215.7
1649,wogikaze,10,216.47
1650,jayden41,10,218.42
1651,HZY1618yzh,10,221.3
1652,A7_divided_by_3,10,225.53
1653,hely,10,225.87
1654,AksharaMalineni,10,226.2
1655,hnust_tanghong,10,227.05
1656,junzi2010,10,227.98
1657,ikoma,10,228.62
1658,DaisukeTK,10,229.32
1659,Yahia_,10,232.1
1660,kitagawakita,10,232.77
1661,Aaditya896990,10,233.32
1662,dashabi1,10,238.97
1663,KaranChauhan,10,241.12
1664,horn3,10,244.33
1665,kiruru002,10,246.38
1666,joyce2012,10,247.35
1667,wwbzh,10,247.42
1668,cwd2023,10,248.35
1669,vishanth,10,250.1
1670,Momota_zy,10,250.37
1671,gwfate,10,250.63
1672,Hasib_2050,10,251.18
1673,AG_Liangsheng,10,251.4
1674,souro01,10,260.82
1675,Hshmt_shh,10,261.77
1676,chenyanjun2023,10,262.38
1677,km1729,10,267.15
1678,mr_cool123,10,269.55
1679,Spinning888,10,271.8
1680,zhengyumo,10,282.68
1681,bem130,10,282.97
1682,litanghui0000,10,292.2
1683,Tusky,10,292.85
1684,huiliyi666,10,294.1
1685,qizilbek,10,294.15
1686,Alan_xyi0906,10,296.52
1687,sixuhe,10,300.58
1688,chandramouli2026,10,306.57
1689,fzoi_xjf,10,310.45
1690,int223,10,313.53
1691,aliceaoko,10,314.77
1692,cynqwq,10,319.83
1693,featherAVA,10,321.22
1694,Anu2006,10,329.07
1695,Kawashiro_Nitori,10,332.4
1696,AtCoderGaoruize,10,337.52
1697,Abhay_CP,10,346.92
1698,suneo31415926535,10,348.13
1699,cho57020,10,360.88
1700,Pranjal_Bhamare,10,368.43
1701,JannatulTajrin,10,370.3
1702,m1stzy,10,374.85
1703,Lipikasaravanan,10,378.27
1704,Sudhir87,10,380.47
1705,yujunmin,10,381.58
1706,xuyuexi,10,383.58
1707,Quasar4606,10,390.92
1708,guanqichen,10,392.3
1709,wangshenghan,10,431.25
1710,xieruiqi,10,447.68
1711,biotea,10,479.22
1712,block_fac,9,21.3
1713,riers,9,22.9
1714,YANGRONGYANG,9,37.57
1715,crqaitiaowu,9,66.03
1716,Balint12,9,82.6
1717,Artemol,9,83.32
1718,komori3,9,83.78
1719,soto800,9,85.17
1720,oreo2005,9,102.72
1721,lbw2025,9,104.52
1722,eternal_silence,9,105.53
1723,lkz2029,9,108.18
1724,CHENZhuoxi,9,109.18
1725,cAtCoder12345,9,112.4
1726,menotbest,9,116.37
1727,Gary461,9,117.83
1728,ryu150,9,118.4
1729,Zhong_S_L,9,121.98
1730,inluminas,9,125.58
1731,monerinngu,9,126.52
1732,AItale,9,126.9
1733,YiShuyao,9,127.73
1734,rmhaitiaowu,9,129.6
1735,Wugene1,9,130.6
1736,std_rot,9,132.42
1737,KiriKana,9,134.15
1738,barabasakos,9,137.47
1739,ankush_alonsoo,9,144.45
1740,Sollys,9,145.37
1741,Sophy_ff,9,145.38
1742,MistryNihilityn,9,150.2
1743,Rishabh_759,9,155.1
1744,Nzt3,9,155.85
1745,Someone0256,9,156.42
1746,shendengbo,9,157.82
1747,mahmoud13,9,160.1
1748,ikoya,9,160.53
1749,rashcode,9,161.37
1750,chicubed,9,161.62
1751,lgrandco,9,162.27
1752,chachamusics,9,165.42
1753,HuTianqi,9,166.95
1754,RomanLeshchuk,9,173.32
1755,HitTmg,9,178.0
1756,mh_325,9,179.75
1757,yangzelin2024,9,181.57
1758,mm1221,9,183.42
1759,psgqwq,9,187.55
1760,suna27,9,189.68
1761,SkiOnLake,9,189.87
1762,MD2SA,9,191.87
1763,chowin,9,192.32
1764,AiHAn,9,193.05
1765,Mahadi4404,9,196.05
1766,aperson31415,9,196.53
1767,Beefchicken,9,198.12
1768,H1809,9,198.53
1769,ByanByanMen,9,202.62
1770,2026wangyiwen,9,202.83
1771,gawanosuke,9,203.55
1772,iamafzal,9,205.33
1773,hydroxy,9,206.13
1774,BerryPie,9,208.02
1775,hassan_,9,208.07
1776,gt0urIst,9,210.83
1777,Zelong_Xiao,9,213.87
1778,kuroinusan,9,215.2
1779,Vampirejs,9,217.55
1780,zhaochenyou__you,9,217.58
1781,ACmember,9,219.22
1782,hare1,9,220.92
1783,MKD1145,9,221.58
1784,Pilocode,9,222.3
1785,SuJiuOvO,9,227.3
1786,ponkmq,9,227.32
1787,tossy2002,9,227.53
1788,WWSS_MM,9,231.95
1789,C20263103,9,233.53
1790,Santhosh_L20,9,236.27
1791,danpyu,9,240.4
1792,pia019,9,242.03
1793,Mcqueen955,9,242.25
1794,vaibhav054,9,242.77
1795,useak,9,243.23
1796,qiaoenzhe,9,244.05
1797,liliangxi,9,245.45
1798,bondrewd28,9,248.95
1799,kawanetest,9,254.22
1800,MrQinyh,9,255.13
1801,Ineesh,9,258.0
1802,toshiconner,9,264.78
1803,destroyer009,9,273.03
1804,Pranav23,9,275.17
1805,dingmohan,9,275.32
1806,Nuris2012,9,275.67
1807,Priyam_kumar_,9,278.28
1808,Pragadheesh_S,9,279.0
1809,notmayank,9,281.68
1810,N_noa21,9,285.37
1811,AiharaYuzu,9,286.53
1812,Minh4893IT,9,288.7
1813,xy03c,9,289.33
1814,PALLAB_BISWAS,9,289.35
1815,E0_0,9,292.05
1816,voyAGer18,9,294.97
1817,Hans91,9,295.37
1818,Hori04,9,295.42
1819,Abdymanapov4321,9,295.68
1820,ZhengHaoxuan0331,9,299.85
1821,Superkikki,9,304.03
1822,mr_human,9,310.25
1823,lavi3,9,310.4
1824,X__OR,9,311.55
1825,Bill_Evans,9,313.85
1826,jinqidong,9,315.02
1827,Guangzhoumetro,9,329.37
1828,penguin133,9,332.0
1829,DeadSkull,9,332.5
1830,hujunjie2015,9,348.1
1831,xhxxwcr,9,351.57
1832,Zcj24680,9,352.37
1833,bplizard,9,359.73
1834,panglin,9,361.13
1835,unXknown,9,368.25
1836,tarachandjakhar,9,374.43
1837,HemaSri_G,9,396.0
1838,Tanishq_Das,9,396.92
1839,ryota2357,9,398.13
1840,MSWin10,9,406.5
1841,ZaeThrix,9,432.22
1842,onlyfans,9,437.1
1843,matcharate12,8,60.7
1844,Ethan_sun,8,75.12
1845,kevin5556,8,76.2
1846,ta2maru,8,77.63
1847,ZJA0224,8,80.03
1848,zhuruochong,8,80.77
1849,ALANYQ,8,80.98
1850,Xishui,8,83.07
1851,Kesapasa,8,95.9
1852,sivaranjani24,8,96.97
1853,Tomii9273,8,103.92
1854,tee_73009,8,105.6
1855,2025lizhaoran,8,107.62
1856,Easonding,8,107.73
1857,yt142857,8,109.6
1858,xyz877,8,111.17
1859,ramphastostoco,8,112.6
1860,MrVenm,8,115.58
1861,bribritt,8,116.83
1862,DYZ123,8,117.28
1863,lyi,8,119.22
1864,ACstudy,8,120.83
1865,keroru,8,124.03
1866,DDDDDino,8,124.92
1867,toppoun,8,125.58
1868,BrandyJ,8,126.75
1869,krish2004parikh,8,127.1
1870,sayHello_,8,130.15
1871,FygenCughen2,8,138.95
1872,Amit_K39,8,140.33
1873,wangyizhe2026,8,140.68
1874,Yugo0716,8,141.07
1875,sdgjxjgs,8,143.15
1876,sunchenyue,8,143.28
1877,BvBDnl26,8,144.0
1878,AuroraX,8,145.2
1879,kimhs,8,145.82
1880,flywen,8,146.07
1881,faje2,8,150.6
1882,ygy0,8,150.65
1883,NirbhikK,8,151.37
1884,kozima,8,153.27
1885,Veyrin,8,155.43
1886,no2ca,8,156.5
1887,Lightchan,8,156.85
1888,Yoshio2024,8,159.22
1889,Quey,8,160.42
1890,hiromi1630,8,165.95
1891,Ruhan_007,8,166.2
1892,rinei,8,166.43
1893,ixmel_rd,8,167.77
1894,me_as_coder,8,171.75
1895,restofwaterimp,8,176.4
1896,Juan2012,8,177.22
1897,hotaosa,8,178.23
1898,ygdstmidn,8,178.28
1899,chrome_chome,8,178.57
1900,olff,8,179.03
1901,muskanraghav,8,179.3
1902,unityyyyyy,8,180.73
1903,EitoNakamura,8,182.52
1904,Fake_Cry,8,183.75
1905,ytz,8,184.22
1906,baoziwu2,8,184.25
1907,owais_,8,185.25
1908,lumiere_,8,187.18
1909,Uemurafumiya,8,187.58
1910,djsksbrbf,8,187.67
1911,aaa65654,8,189.6
1912,sparadigm,8,189.73
1913,MJuice,8,190.12
1914,The_Roxx_,8,191.73
1915,hyk0YF0Gamer,8,194.68
1916,KKKKKIIIII,8,196.43
1917,suidonx,8,199.48
1918,Akshita_7,8,199.92
1919,Ch_Garima,8,202.88
1920,kolorvxl,8,203.22
1921,xihaolan,8,203.5
1922,iakatsuki,8,203.68
1923,Koosuke,8,204.28
1924,Caigezin,8,205.18
1925,loser_qwq,8,206.38
1926,Tuziyao20150618,8,210.8
1927,Eye_of_God,8,211.15
1928,Tyara,8,212.45
1929,AscaloN,8,213.22
1930,MergeOneBit,8,214.73
1931,coder7,8,216.62
1932,poka,8,217.23
1933,pavansai16,8,217.77
1934,captainprice27,8,222.47
1935,Tharun_J,8,224.2
1936,Roxign,8,226.13
1937,Ceres177ml,8,226.22
1938,YAYIN,8,229.7
1939,kaimel,8,230.23
1940,sierraki,8,231.07
1941,Prashant_Mittal,8,232.97
1942,JhoZzel,8,233.18
1943,justDevil,8,233.43
1944,angelator312,8,233.6
1945,huwarin,8,234.47
1946,xiaolingtong,8,234.72
1947,Levixi,8,234.92
1948,barath2006,8,236.55
1949,Xtreme_099,8,241.42
1950,songzihe,8,247.0
1951,marrxn,8,252.0
1952,hoppii,8,252.73
1953,Pratik_10072008,8,253.55
1954,skellyjonut,8,256.02
1955,noel_133,8,257.03
1956,dy_atcoder,8,261.43
1957,LnYag,8,266.13
1958,iambaba,8,270.65
1959,chocomint2285,8,277.0
1960,KChap,8,285.7
1961,gw22755,8,288.35
1962,SHA_TO_RU,8,299.32
1963,shobikadayanidi,8,301.03
1964,wangyinghao2,8,305.7
1965,pranavaryaRS,8,306.22
1966,Shushikta,8,312.6
1967,nianyi,8,315.78
1968,Fly2026,8,316.12
1969,dnek,8,327.68
1970,chenyian,8,339.93
1971,Leo_29,8,342.9
1972,aryaninvaes,8,354.62
1973,heyluuapaan,8,374.18
1974,chauncey,8,379.05
1975,EZHUMATHI_S,8,382.35
1976,Iroha_3856,7,65.38
1977,jackyuyu,7,72.75
1978,sakusaku8,7,73.22
1979,Apple10,7,74.65
1980,Van_325,7,77.02
1981,wsdsbsw,7,77.95
1982,Hello0,7,80.37
1983,Just_A_Sentence,7,81.3
1984,Konini,7,84.73
1985,tarakomayo2,7,89.22
1986,Shirotsume,7,89.6
1987,Alcadeias,7,91.42
1988,prof_zoh,7,92.12
1989,ganqihao,7,92.65
1990,yanglinze,7,93.63
1991,yoonhero,7,99.55
1992,Taramora,7,100.85
1993,saywoo,7,101.23
1994,THE_SEU_07,7,101.25
1995,bjgf,7,102.18
1996,Hygrox,7,108.13
1997,agitora,7,108.85
1998,a2030zhr,7,109.75
1999,tohenboku,7,110.68
2000,nmnmnmnm,7,110.72
2001,dokinami,7,112.17
2002,sxonz,7,112.82
2003,Lilibet,7,113.77
2004,am1331,7,113.78
2005,CatAzusa,7,114.63
2006,yasaikeikaku,7,115.53
2007,CatYukarin,7,115.97
2008,YipChip,7,116.4
2009,Saji0545,7,119.13
2010,amanjain123,7,120.58
2011,tonchev,7,121.05
2012,ricetta,7,121.45
2013,cyh20110126,7,122.23
2014,delta0,7,122.42
2015,Swordfishqwq,7,123.23
2016,wangyuwen,7,123.27
2017,dengyuxi,7,123.28
2018,konankinithish,7,126.05
2019,nwo,7,127.23
2020,akilie,7,128.53
2021,godAngryOver,7,131.67
2022,shim0,7,131.85
2023,hira6361074,7,131.87
2024,memin,7,131.97
2025,terakan315,7,134.47
2025,x_x_,7,134.47
2027,lizhu66,7,136.08
2028,Cuishihan9595100,7,136.45
2029,Plabo,7,139.73
2030,changP,7,141.28
2031,aminjonshermatov,7,143.8
2032,sauat0nis,7,144.28
2033,Caffeineholic,7,144.4
2034,hyc1207,7,145.05
2035,rk_haskey,7,146.67
2036,taka_hito,7,147.18
2037,naresh0,7,147.37
2038,ALTnF4,7,149.03
2039,RinSakamichi,7,150.58
2040,ydv17g,7,150.77
2041,bhavirai,7,151.23
2042,userWaliso,7,152.13
2043,solle,7,152.57
2044,hcp1999,7,152.7
2045,nyororo,7,153.67
2046,Enolaly,7,158.4
2047,homeBoy,7,158.48
2048,taichobi,7,159.23
2049,x0chaser,7,159.75
2050,Azhen,7,160.75
2051,heyhayfever,7,161.72
2052,Sukhraj_Nandhra,7,164.58
2053,olive_,7,164.67
2054,mohitgupta,7,165.0
2055,arxane,7,166.28
2056,hossg,7,166.6
2057,heyprateek_,7,166.83
2058,ginkan,7,167.47
2059,fg_2ed,7,169.32
2060,to_train,7,169.42
2061,Tyellow,7,169.45
2062,Jenss,7,172.28
2063,zhangxing,7,173.92
2064,dostonbek_12,7,174.1
2065,ykkaq,7,178.45
2066,Wangzyy,7,178.8
2067,litianyu2011,7,179.53
2068,masa1001,7,182.57
2069,blue_jam,7,182.83
2070,TWCD,7,185.32
2071,qnaoyuki,7,185.98
2072,nagisa14567,7,186.32
2073,Red_bean11,7,186.5
2074,itgnap,7,187.47
2075,AnusuyaRamu,7,189.0
2076,tarachand,7,190.68
2077,lsh1202,7,193.12
2078,qiyueyu,7,193.95
2079,taka743,7,195.15
2080,Nzcfw,7,195.6
2081,Nishiki_1,7,196.72
2082,MayankCS50,7,198.82
2083,khasu329,7,199.48
2084,ibtosm,7,203.02
2085,zsb086124220,7,204.33
2086,RonakAlgoX,7,207.27
2087,Wen2012,7,207.58
2088,LHM2,7,207.68
2089,scqf,7,208.62
2090,Dashayan,7,209.78
2091,Anastasya,7,209.95
2092,momoiro_solver,7,210.08
2093,Bonaparta,7,210.28
2094,hozX,7,210.73
2095,SANTHOSH007,7,211.17
2096,gomikasu,7,211.53
2097,wangzhongyu,7,212.13
2098,JSLY,7,212.18
2099,ridewindHE,7,212.63
2100,hukahukaSNOW,7,213.25
2101,MiketokiSatoshi,7,213.62
2102,ReverseBias,7,213.8
2103,qinjunhao,7,214.52
2104,E23xuzhanyu,7,216.37
2105,foyyy,7,216.42
2106,Luo_mo,7,217.27
2106,yellowsubmarine,7,217.27
2108,agarwalsoham993,7,221.55
2109,peter2026,7,222.35
2110,MOSTEEY,7,223.3
2111,zhyhh,7,224.92
2112,ta0920,7,225.32
2113,HM266,7,229.93
2114,catusernametaken,7,234.22
2115,Komxxd,7,235.02
2116,XuQunxi,7,235.77
2117,songhaoyang,7,236.43
2118,r4ys0n,7,237.43
2119,simonfongcf,7,238.72
2120,Hemanth_36,7,240.43
2121,Clark_OvO,7,241.12
2122,liangjunxi,7,242.65
2123,yas_yasyu,7,243.08
2124,LarsBalbach,7,243.77
2125,Architag1503,7,249.98
2126,guosonghan1,7,250.18
2127,Grzegorz,7,256.15
2128,TdLf,7,257.83
2129,shivamg29,7,262.75
2130,leitaonerd,7,263.73
2131,junhengF,7,270.85
2132,arahi10,7,271.93
2133,Null502,7,272.72
2134,Adi0203,7,273.15
2135,wuxin0011,7,274.32
2136,i_am_noob,7,274.47
2137,L_1412,7,276.23
2138,zyx2012,7,279.3
2139,MYSTERIOUS_,7,280.03
2140,avicchn,7,285.68
2141,xuxu131226,7,285.88
2142,bruzz,7,286.52
2143,Tiwarishubham7,7,300.23
2144,tomei,7,303.75
2145,Twil3,7,311.32
2146,mitsu0523,7,338.78
2147,poipoi106,7,349.17
2148,Novalux,6,18.63
2149,shirogo,6,44.7
2150,decltype,6,50.85
2151,kerokoroppi,6,50.98
2152,squibon,6,52.58
2153,wuj,6,54.6
2154,m5o0,6,58.85
2155,Rine78,6,60.78
2156,Moss345512,6,62.23
2157,baodat,6,64.3
2158,trynagetbetter,6,65.22
2159,haaaaaaa,6,67.98
2160,mentikatu,6,69.63
2161,tterminatorCM,6,71.23
2162,tomorunn1729,6,72.93
2163,ShoboiNamae,6,73.55
2164,Luce_1120,6,75.72
2165,codingwithrahat,6,77.9
2166,LowercasedGSE,6,81.28
2167,datemaki314,6,82.7
2168,Innocent0000,6,83.3
2169,srija_2827,6,83.53
2170,RakaM,6,84.08
2171,C550,6,87.57
2172,zhanghuanwen,6,88.43
2173,KongShuiLinHua,6,88.58
2174,allenyen1017,6,89.48
2175,Ashu_Aditya,6,90.12
2176,wumo,6,90.32
2177,otoshigo,6,90.37
2178,ccxXF,6,90.55
2179,canihavealook,6,92.17
2180,takakan448,6,93.22
2181,Rapt,6,94.33
2182,cmx2011,6,94.58
2183,Jimmy_S,6,95.08
2184,dj4zo6u6,6,95.18
2185,Nosuke1729,6,95.23
2186,sash0,6,95.6
2187,ShiroganeCrimm,6,97.92
2188,nakayoshiver1,6,98.12
2189,yasariBro,6,98.77
2190,SahilMishra01,6,99.82
2191,FFlush,6,101.92
2192,worlddestroyer,6,101.97
2193,dalu31415,6,102.6
2194,Praveen1234,6,103.07
2195,teru_0111,6,103.2
2196,ma_tw,6,105.48
2197,Piyush_4206,6,106.63
2198,azumakan,6,106.83
2199,Exzrg,6,106.87
2200,Prometheus_Cyphe,6,107.05
2201,Youteru,6,107.18
2202,Robot_Doraemon,6,107.52
2203,nh588,6,107.53
2204,Lakshitha_R_E,6,107.63
2205,Huy_082125,6,108.33
2206,hunterdragon,6,109.27
2207,BU0929_Mabin,6,109.8
2208,cjleaf2005,6,111.07
2209,kani_hime,6,113.28
2210,small_lemon_qwq,6,113.35
2211,Saayan_007,6,113.43
2212,rubay,6,113.78
2213,nickchen_2023,6,115.18
2214,Satvik0100,6,115.53
2215,huangzhenhua,6,118.75
2216,KT60,6,119.45
2217,cbjfs,6,119.52
2218,Kul8,6,121.22
2219,Sh0ikot04,6,122.02
2220,huhehaotedong,6,122.98
2221,Junya_Ota,6,123.73
2222,l_a_n_c_e_r,6,123.88
2223,tnktemp,6,125.65
2224,onesis,6,127.32
2225,TamTamKyoto,6,127.62
2226,h110811,6,129.47
2227,tsuji2000,6,129.57
2228,tahaaaa,6,129.62
2229,cosmicaldrift,6,133.72
2230,Zhang_Xinyu,6,134.17
2231,norimenkuzure,6,134.9
2232,dico,6,135.1
2233,OneProg,6,135.32
2234,sim_ple,6,135.65
2235,PaSh0321,6,135.77
2236,PyGoat,6,135.98
2237,GuoChunyou,6,137.22
2238,kiga544,6,137.3
2239,karmaninja,6,137.7
2240,MaxChenMW,6,137.75
2241,djangg8,6,138.58
2242,KarmaPolice,6,138.8
2243,dinoCodes_2005,6,139.03
2244,AVR101,6,139.2
2245,Shivam12345,6,139.82
2246,sakasama,6,141.17
2247,Kodakyu,6,142.25
2248,juan_alejandro,6,142.87
2249,San01,6,143.1
2250,Dreeick,6,143.33
2251,uichan01,6,143.88
2252,Braulinho,6,144.22
2253,yanzipeng,6,144.75
2254,liyyuu,6,144.97
2255,Adhoom,6,146.65
2256,InfinityF1re,6,148.8
2257,dhruv0522,6,149.83
2258,bubbleutt,6,150.52
2259,eooonz,6,150.78
2260,fdsa1201,6,151.52
2261,Sanya404,6,152.03
2262,sabawo,6,152.9
2263,STU_pjy,6,153.0
2264,endora1111,6,153.62
2265,Sunny1629,6,158.43
2266,vishalgodia64,6,159.02
2267,keetai,6,160.38
2268,bee29,6,160.48
2269,Harsh445,6,160.67
2270,yuhan8954,6,161.0
2271,Jianglingxi,6,162.78
2272,Morse80110,6,164.38
2273,raj_singh35,6,165.03
2274,aam1r,6,165.43
2275,bridge4432,6,168.6
2276,DaLazyPig,6,168.7
2277,mithf40,6,169.78
2278,zhuang510,6,170.35
2279,Ljhljh1102,6,170.72
2280,Waguinho,6,170.97
2281,Jammy,6,171.25
2282,szx791016,6,171.3
2283,cheng_e,6,171.48
2284,Chenneyan001,6,171.58
2285,lanshujing,6,171.67
2286,XXh0919,6,172.55
2287,manishAuj,6,172.62
2288,wo_krishna_haii,6,174.0
2289,segmenttree1410,6,174.47
2290,mef2241,6,177.92
2291,Abhi441,6,178.32
2292,Favorys,6,179.07
2293,Yomenashi,6,180.45
2294,horganpol,6,181.32
2295,cxy04c,6,181.42
2296,VICKEY_KUMAR_123,6,182.88
2297,noyon29,6,183.07
2298,ddungsam,6,183.73
2299,NJYNsss,6,184.18
2300,quantinium,6,187.48
2301,manray,6,188.78
2302,mrinmoy_123,6,189.38
2303,lizilin450219,6,190.03
2304,BuffBushCricket,6,190.23
2305,rabbit_mygo,6,191.42
2306,xiangchao01,6,192.83
2307,cml_eric,6,196.27
2308,karma_404,6,197.68
2309,yczhou114514,6,197.95
2310,IXIN,6,200.9
2311,haiyixuan_114514,6,201.2
2312,jefj1,6,202.8
2313,Yicheng_Yang,6,203.78
2314,dream4218,6,204.78
2315,fireskybaby,6,206.15
2316,yoshi85,6,209.0
2317,DouzhenNB666,6,209.25
2318,tonynot,6,209.5
2319,lihaowang,6,211.23
2320,Bocchichan,6,211.73
2321,RXHAP,6,211.9
2322,f8fqgfm,6,213.73
2323,Mikami_yua,6,214.48
2324,inaenaro,6,218.28
2325,SunMuyi0716,6,219.7
2326,Manjot0185,6,222.3
2327,hiro716,6,223.72
2328,cholacoted,6,228.12
2329,Unka,6,230.02
2330,pyyxwhy,6,230.6
2331,a0331,6,232.57
2332,why_114514,6,233.85
2333,HimanshuSolo,6,234.0
2334,slowwalker,6,234.87
2335,Harshit0501,6,235.05
2336,shovanparia,6,240.7
2337,Yashkasle25,6,243.87
2338,dezhonger,6,245.32
2339,Rahimov_7,6,247.28
2340,Ranvirsahib,6,259.9
2341,HardcoreHHK0315,6,268.27
2342,NomanAli,6,269.12
2343,tkiyom,6,273.55
2344,shivam_mahto7,6,275.42
2345,Adithya_3006,6,281.6
2346,Fanwenxu,6,281.68
2347,Bhuvaneshwari03,6,292.43
2348,fken_prime_57,6,298.42
2349,Lemona,6,307.97
2350,Sakura_luo,6,328.22
2351,rsiy_,5,4.72
2352,czjiaa,5,8.6
2353,cczzss,5,9.25
2354,ScodiaJacobB,5,11.25
2355,BadBadBad__,5,11.5
2356,codwarm,5,11.53
2357,MasakiAOTA,5,12.23
2358,YuYuanPQ_,5,13.05
2359,Joshuaurora,5,13.82
2360,Qelvzx,5,15.35
2361,SavrusLawence,5,15.5
2362,hitonanode,5,17.42
2363,bitliftt,5,18.23
2364,stone_shadow,5,18.35
2365,SSRS,5,18.57
2366,hsy8116,5,20.45
2367,xyzr,5,20.65
2368,I_AM_NOT_ROBOT,5,20.82
2369,mochidangomochi,5,20.98
2370,Zish18,5,21.0
2371,PK_zdd6310,5,21.53
2372,suzannekhan,5,22.33
2373,cqbzzjy,5,22.48
2374,tan1yama,5,22.57
2375,I_am_the_fastest,5,22.8
2376,shellchen,5,24.55
2377,yuu_w,5,25.48
2378,khushi25,5,25.65
2379,AlexTony,5,26.1
2380,prime1212121,5,27.25
2381,wangtaochun,5,27.38
2382,jjang36524,5,29.05
2383,kenya8010,5,29.32
2384,wsb2023,5,29.43
2385,Z__atcoder,5,29.53
2386,JustFady,5,29.57
2387,Earth2023,5,29.68
2388,phoenix0423,5,29.98
2389,mw_math,5,31.5
2390,latency94,5,31.88
2391,AnOIer,5,32.18
2392,Utkarsh1601,5,32.3
2393,korokke3,5,32.57
2394,c_legg,5,32.98
2395,m0x90,5,33.38
2396,MattTheNub,5,33.7
2397,WJHyun,5,34.23
2398,AhmedPlusPlus,5,34.62
2399,gyouzasushi,5,34.63
2400,Delicious_lxy,5,35.77
2401,Milthm,5,35.78
2402,Wch__,5,35.85
2403,x3x3,5,36.17
2404,mono_1,5,36.62
2405,Sunrise_middle,5,37.23
2406,jwpassion1,5,37.27
2407,A1C3_qwq,5,37.32
2408,jiezecheng,5,37.45
2409,RishindhikaP,5,37.85
2410,suitosama1234,5,37.9
2411,lzx20120124,5,38.03
2412,hurongyu,5,38.3
2413,xiongbotao,5,38.35
2414,serendipity_,5,38.6
2415,kyopro_friends,5,38.75
2416,ryunosuke180920,5,39.1
2417,pzjQWQ,5,39.23
2418,langni,5,39.57
2419,ANDER_,5,39.9
2420,compliment,5,40.22
2421,Lighthouse1,5,40.28
2422,Btkdgk,5,40.93
2423,zhangzirui66,5,41.07
2424,Wevton,5,41.27
2425,Su777,5,41.32
2426,oToToT,5,41.38
2427,Abinash7,5,41.47
2428,Oxojo,5,41.67
2428,pleeric,5,41.67
2430,JXR_Kalcium,5,41.95
2430,xinranzhu,5,41.95
2432,x3a51,5,42.1
2433,qwertim,5,42.73
2434,dgwgy,5,43.28
2435,yy_small,5,43.62
2436,NoobDidi,5,43.8
2437,skytgt,5,44.02
2438,TomitaMatei,5,44.4
2439,mohamedshendy,5,44.5
2440,tassadar_,5,44.67
2441,MytHz1,5,45.2
2442,wumingxuan,5,45.23
2443,liyuze,5,45.38
2444,ChrisHalden,5,45.6
2445,xiebingxiu,5,46.75
2446,kurigohanp,5,46.78
2447,integlim,5,47.28
2448,ymwang,5,47.37
2449,ApoorvaAnithaAr,5,47.53
2450,Nyaan,5,47.6
2451,wzl19371,5,47.7
2452,n_bitand_n_per_3,5,47.77
2452,ruiniyo,5,47.77
2454,sincerelyyin,5,48.25
2455,panpanpan,5,48.27
2456,fuyaoqy,5,48.5
2457,Aler,5,48.6
2458,wangtianze,5,48.95
2459,daniyall,5,49.3
2460,ZTHu,5,49.68
2461,vidanovic,5,49.88
2462,Miss_Ichika,5,50.67
2462,zhongyujie,5,50.67
2464,carboxylBase,5,50.75
2465,harrypang,5,50.8
2466,H20,5,50.98
2467,stadag,5,51.2
2468,wenbang,5,51.3
2469,2023f2,5,51.7
2470,Kevin_ProMax,5,52.13
2471,DKarthik,5,52.27
2472,yusukeO,5,52.68
2473,qwq_cqbzcdr,5,52.92
2474,MayurDambale281,5,53.23
2474,XiangXunyi,5,53.23
2476,iwillbecomeaLGM,5,53.25
2477,DeltaStruct,5,53.28
2478,Chat_GPT5,5,53.42
2479,yanzixuan2024,5,53.43
2480,syun0713,5,53.68
2481,Daylight,5,54.38
2482,Azazel_0911,5,54.42
2483,hiro71687,5,54.57
2484,cjdst9981,5,54.67
2485,REALLY_NOT_BOT,5,54.83
2486,stuart220_chen,5,55.28
2487,manta1130,5,55.38
2488,soryuusi0219,5,56.0
2489,shijiuwan,5,56.27
2490,fouracc,5,56.35
2491,haihamabossu,5,56.37
2492,karaju,5,56.78
2493,ImposterBhoo,5,57.18
2494,RreShi,5,57.22
2495,CaptainGeorgia,5,57.3
2496,AlgebraLove,5,57.67
2497,huyichen0903,5,57.9
2498,Chen_Zhen_DY,5,57.98
2499,wsy_jim,5,58.2
2500,bbsb,5,58.63
2501,CJWDLyg,5,58.75
2502,nshuttle,5,59.25
2503,mint998,5,59.33
2504,yotaa,5,59.73
2505,wYlkaTUOXcmdrLVt,5,59.98
2506,rakki_rakki,5,60.43
2507,Siriajay,5,60.85
2508,sdds2011,5,60.92
2509,prasanthkumar,5,61.38
2510,xiaofu15191,5,61.47
2511,LUCKY_tetoos,5,61.6
2512,tanxi,5,61.67
2513,zgxianwen,5,61.7
2514,zhlyz2003,5,61.9
2515,buch,5,61.92
2516,zhangpeinan123,5,62.53
2517,HawkWang,5,62.63
2518,coderdyh,5,62.73
2519,winliu,5,62.82
2520,Nekomancer60,5,62.88
2521,wangtongrui,5,63.1
2522,wo20110222,5,63.18
2523,timeforclock,5,63.22
2524,ShaliniM,5,63.35
2525,Zykaris,5,63.47
2526,soumyo,5,63.5
2527,shashank_14,5,63.53
2528,Pessimism,5,63.57
2529,Luis_AQM,5,63.73
2530,MateuszMieszko,5,63.78
2531,hansi0708,5,63.88
2532,DuckTyping,5,64.27
2533,NandhaKishoreKB,5,64.87
2534,AKI24957,5,64.9
2535,ymh_ymh,5,65.25
2536,WRY2013,5,65.45
2536,double_huk,5,65.45
2536,wmd_125,5,65.45
2539,Daniel_xu,5,65.63
2540,yingxueyuhanling,5,65.77
2541,haruganbaru,5,66.95
2542,ken_if_stone_orz,5,67.03
2543,smyluke,5,67.22
2544,freeloop,5,67.37
2545,helperT,5,67.55
2546,Casterice,5,67.7
2547,Arisu_0v0,5,67.95
2548,huangems,5,67.97
2549,Recursion1,5,68.35
2550,shiningsoul,5,68.48
2551,zainalikhan,5,68.5
2552,juanjuan007,5,68.8
2553,fatman8,5,68.87
2554,Moya_Reo,5,69.35
2555,Asmrr,5,69.38
2556,mkawa2,5,69.43
2557,fibon,5,69.68
2558,caiyunrong123,5,69.88
2559,Minzitong,5,70.13
2560,yuma220284,5,70.33
2561,tinsep19,5,70.57
2562,kkx_acj,5,70.62
2563,qianli1,5,70.65
2564,jon0920,5,70.67
2565,miszori_marci,5,71.15
2566,Baytool,5,71.37
2567,yokozuna57,5,71.5
2568,Yuya_11235,5,71.88
2569,Fexin1205,5,71.92
2570,sansuixuedawa,5,72.85
2571,iti119,5,72.87
2572,oisiihijiki,5,72.9
2573,ryanwyr,5,73.0
2574,I_am_Colin,5,73.12
2575,kino0402,5,73.17
2576,chenyushengniubi,5,73.18
2577,kineticnapier,5,73.27
2578,pantsman,5,73.68
2579,Fkun,5,73.85
2580,b1tbyb1t,5,73.92
2581,North_07,5,74.18
2582,satyam_22,5,74.55
2583,Lia_Cruz,5,74.6
2584,LEWISAK,5,74.62
2585,takuy_s,5,74.7
2586,n1k,5,74.75
2587,Dlchuan,5,74.93
2588,slow_chime_58,5,75.05
2589,syougotea,5,75.13
2590,Lv_Tianyu,5,75.15
2591,wuqize,5,75.22
2592,FUTO4,5,75.27
2593,PrakharSaulakhe,5,75.78
2594,HumbleRobo,5,75.98
2595,yqj,5,76.02
2596,Marbjo07,5,76.07
2597,iis914,5,76.15
2598,WangYueHeng,5,76.47
2599,Kevin911,5,77.23
2600,zhangchi1234,5,77.32
2601,KobicGend,5,77.4
2602,beta,5,77.55
2603,sl_zy,5,77.65
2604,djoga98,5,77.85
2605,Azure_sao,5,77.9
2606,A1m4UrHeart,5,77.93
2607,Minipeople,5,78.08
2608,mech_39,5,78.67
2609,aihay,5,78.72
2610,Quuri,5,78.87
2611,Exponential_Cube,5,78.92
2612,Bethance,5,79.62
2613,andyholmes,5,79.88
2614,yyy__empty,5,80.25
2615,edwardcs,5,80.67
2616,123456Mjx,5,80.82
2617,ACGODs,5,81.03
2618,NomadJoe,5,81.05
2619,xuanxuanni,5,81.35
2620,xuezy,5,81.62
2621,opzc35,5,81.67
2622,Riya_Chandra,5,82.15
2623,lmduc2704,5,82.32
2624,Shymohn,5,82.62
2625,karn22,5,82.68
2626,XWC114514,5,82.73
2627,C202627yehan,5,82.93
2628,tuantuan88,5,83.15
2629,Stupido,5,83.2
2630,Like_Lilac,5,83.97
2630,rabimea,5,83.97
2632,Rampage_99,5,84.08
2633,migueldco,5,84.42
2634,Komichi_Aya,5,84.53
2635,shin0830,5,84.8
2636,eric2013,5,85.63
2637,Cappuccino11,5,85.77
2638,primesosu,5,85.92
2639,macar0n,5,85.98
2640,minaminamin,5,86.05
2641,hardcoder_jeet,5,86.07
2642,patata22,5,86.17
2643,fhbsxz,5,86.32
2644,CCCR,5,86.53
2644,Zwitterion,5,86.53
2646,i_taku,5,86.92
2647,guilhermecpp,5,86.98
2648,jh01533,5,87.1
2649,hajileylek,5,87.35
2650,johnny233,5,87.38
2651,hcyrn,5,87.52
2652,Karmallis,5,87.53
2653,wenguangxi,5,88.1
2654,Talita,5,88.18
2655,Frouvie,5,88.38
2656,sohumkej,5,88.6
2657,pyt123,5,88.65
2658,Dimas_Heitor,5,88.92
2658,kavan02,5,88.92
2660,shun_i,5,89.32
2661,Furioso_Slient,5,89.63
2662,GrindUntilRed,5,89.92
2663,verdalorke,5,89.93
2664,rlak2h,5,89.97
2665,Dileepbatta9966,5,90.12
2666,CNTTC_84,5,90.58
2667,Kary,5,90.83
2668,June6,5,91.1
2669,okinisu,5,91.2
2670,chaby,5,91.63
2671,MdSalam_Uddin,5,91.65
2672,Kingglory,5,91.68
2673,Jayanthi_putta,5,91.73
2674,gw2249why,5,91.83
2675,ZhaoYiLing,5,92.1
2676,BLACK0X80,5,92.35
2677,linzixuan2023,5,92.5
2678,Kagemeka,5,92.65
2679,knatti,5,92.87
2680,playa123,5,93.07
2681,wyz20101104,5,93.37
2682,softmob,5,93.38
2683,SappIe,5,93.68
2684,M1rai,5,94.13
2685,potesara,5,94.3
2686,veerendravardhan,5,94.4
2687,theavrit,5,94.55
2688,Liminghe,5,94.9
2689,zhangzhixing99,5,94.97
2690,KH8047,5,95.25
2691,hao_zi,5,95.3
2692,lwx2022,5,95.75
2693,fusun_2,5,95.9
2694,darekasan,5,96.23
2695,Yangmingjie,5,96.62
2696,yue0913,5,97.53
2697,mr84amini,5,97.7
2698,EMBailey,5,98.1
2699,neatisaac,5,98.12
2700,charan_baru,5,98.13
2701,WangSiYuan2028,5,98.42
2702,hyf719346,5,98.43
2703,dowa,5,98.5
2704,Arush_V_A,5,98.73
2705,D0000,5,98.77
2706,fireclouds_11,5,98.78
2707,Fomalhaut2435,5,99.1
2708,cqbzysk,5,99.5
2709,zhangjunxi,5,99.88
2710,cuicui,5,99.9
2711,limaotong0922,5,100.18
2712,EbonySerpent,5,100.25
2713,eulmelk,5,100.28
2714,xkdydl,5,100.37
2715,Daredevil2412,5,100.67
2716,2_3_5_7,5,100.78
2717,wuziqiao,5,100.8
2718,cyan0515,5,100.85
2719,Dark_543,5,101.88
2720,Favour187,5,102.1
2721,george_cz,5,102.18
2722,IACRUS,5,102.27
2723,ZQYfans,5,102.73
2724,samtyu25,5,102.77
2725,henriqueguena,5,102.78
2726,yuta04,5,102.9
2727,Somewhere,5,102.95
2728,magnussamay,5,103.18
2729,inkvizytor,5,103.25
2730,checker8,5,103.32
2731,4n5vaOOL,5,103.4
2732,Devaraj_007,5,103.43
2733,Airmongsity,5,103.63
2734,sunnygreen,5,103.87
2735,angelashylyn05,5,104.3
2736,seicode,5,104.43
2737,applejam,5,104.83
2737,deep_sea,5,104.83
2739,E1b,5,104.9
2740,sd202002,5,104.92
2741,Knifehead,5,105.32
2742,mobayomy123,5,105.33
2743,brian_1226,5,105.38
2744,evilwater,5,105.42
2745,leoncat,5,105.55
2746,ZTengW,5,106.05
2747,Gowtham_samu,5,106.37
2748,SDXpansheng,5,106.48
2749,zhaoxiqi,5,106.55
2750,fountainspringM,5,106.57
2751,clumsy_ac,5,106.65
2752,wasabiEater,5,106.68
2753,TheataPro,5,107.63
2754,chopinL,5,107.8
2755,CR400AFZ0214,5,107.83
2756,8aceMak1r,5,107.98
2757,llsy,5,108.02
2758,Enchantment,5,108.2
2759,phosphor,5,108.32
2760,Rudra_1234,5,108.35
2761,fact493,5,108.43
2762,Dwbjmy,5,108.6
2763,Xenonium57,5,109.6
2764,lacito,5,109.67
2765,So_noSlack,5,109.87
2766,muyan123,5,109.93
2767,lyx919,5,110.13
2768,wsy0814,5,110.43
2769,ggc114514,5,110.47
2769,ppig145,5,110.47
2771,haruki4936,5,110.8
2772,Silent_Rebirth,5,111.08
2773,hwc2011,5,111.53
2774,fengyihao2030,5,111.73
2775,ksan205,5,111.92
2776,KDL_ANIPLEX,5,111.97
2777,CarpDay,5,112.25
2778,Yuulis,5,112.45
2779,azu7,5,112.48
2780,I_will_won_ICPC,5,113.4
2781,ronit888,5,113.48
2782,AK_Mi,5,113.55
2782,gksato,5,113.55
2784,lyc1001,5,113.6
2785,hanbangze,5,113.62
2786,Lemartes,5,113.77
2787,gishh,5,113.95
2788,mstars,5,114.3
2789,liusimo0727AFO,5,114.57
2789,paulopr,5,114.57
2791,Ryu_dragon,5,114.88
2792,ahalei,5,114.92
2793,wendywan,5,114.95
2794,komakoko,5,115.07
2795,sarswa_dhiru,5,115.7
2796,Salmon2653,5,116.07
2797,fsfdgdg,5,116.17
2798,RFEGDF,5,116.25
2799,yugamtyagi,5,116.5
2800,mirkocoric,5,116.57
2801,inspector_05,5,117.05
2802,js7777,5,117.17
2803,hanmikan,5,117.22
2804,Koushik032,5,117.33
2805,unsheathed,5,117.53
2806,doromane,5,119.28
2807,harun210,5,119.3
2808,ZHAOJJzjj123,5,119.33
2809,saiganesh_,5,119.82
2810,liuhongyang123,5,119.83
2811,dev0sharma,5,119.85
2812,doudou0413,5,120.48
2813,aditya_513,5,120.58
2814,edcty,5,121.07
2815,guosonghan,5,121.42
2816,Little_Cck,5,121.53
2817,zhouzihan0620,5,121.58
2818,tob8y,5,121.72
2819,Harsh_Indoria,5,121.77
2820,smit_123,5,122.32
2821,WAHE,5,122.47
2822,fuyuki_yanagase,5,122.48
2822,nemnem1123,5,122.48
2824,L_Forest,5,122.53
2825,kimi20240245,5,122.55
2826,yakumi1,5,122.6
2827,adi2964,5,122.62
2828,Aarthi_S,5,122.72
2829,u338339e,5,122.77
2830,yanxinyuan,5,122.98
2831,Prithom_Debnath,5,123.02
2832,zoeeee02,5,123.1
2833,Ruixu,5,123.52
2834,zsh2022,5,123.78
2835,sk121sk654,5,124.28
2836,LCc02q,5,124.53
2837,jasongq,5,124.93
2838,Yihaodong,5,126.2
2838,nazmulislam05,5,126.2
2840,S1LENCE_,5,126.48
2841,sakamotosan,5,126.73
2842,chenyiyun,5,126.98
2843,sgt24,5,127.28
2844,LTC2025,5,127.97
2845,takobanana,5,128.42
2846,Manuel1024,5,128.53
2847,YashovS,5,128.92
2848,iDeiDiot,5,129.28
2849,ttq012,5,129.68
2850,roushankr200,5,129.77
2851,riya_2007,5,129.87
2852,hcng,5,129.95
2853,rice_zh,5,130.02
2854,SeekXRay,5,130.1
2855,MizukiHashimoto,5,130.82
2856,Cefgskol,5,131.28
2857,Chris_Black,5,131.35
2858,drken,5,131.42
2859,Ryan_Li,5,131.58
2860,Ruchira_1836,5,132.6
2861,tanuj_bhatt,5,132.68
2862,Luojt95,5,133.1
2863,fangziyi,5,133.32
2864,YGBC_,5,133.33
2865,Sticky_kikkiy,5,133.43
2866,mo12412,5,133.7
2867,wangxiaolin,5,133.87
2868,Divine_Encounter,5,134.02
2869,Anushi1998,5,134.08
2870,ImmortalBeast0,5,134.12
2871,JustA,5,134.27
2872,Harivarsha,5,134.4
2873,hatodemowakaru,5,134.62
2874,qazws,5,134.65
2875,IOOHAN,5,134.83
2876,darwinche,5,135.08
2877,ChrisHalden17,5,135.45
2878,janmejai20singh,5,135.47
2879,sukhrob,5,136.27
2880,FF_TLE_WA_AC,5,136.37
2881,mrevoke,5,136.4
2882,satomshr,5,136.45
2883,feifeifei686,5,136.58
2884,aKsHaT_3009,5,136.7
2885,Otabek_Aynazarov,5,136.77
2886,CPPfive,5,137.42
2887,Hamed_Ghaffari,5,137.53
2888,yoshikawa525,5,137.55
2889,FPP_Complexity,5,137.68
2890,YTEZzhaohaocheng,5,137.8
2891,ihaagrawal,5,137.82
2892,BurlinZhou,5,138.18
2893,ZC233,5,138.45
2894,thakur_saurabh,5,139.47
2895,sakiika17,5,139.82
2896,Kritsanapat,5,140.03
2897,bfsdw,5,140.17
2898,zhishengie,5,140.42
2899,sukato,5,140.8
2900,mahiro_zcy,5,141.08
2901,manao555,5,141.15
2902,zengfanhao,5,141.17
2903,akelarebel,5,141.3
2904,DhruvSharma17,5,141.52
2905,nithish1807,5,141.98
2906,JOLIN_A,5,142.05
2907,Reflexive_Verbs,5,142.82
2908,Sandeep_P,5,143.22
2909,sharmasauvik,5,143.28
2910,Gao_YM,5,143.7
2911,mono_0812,5,143.77
2912,n110,5,144.48
2913,vijesh_00,5,145.17
2914,NingMeng_yang,5,145.35
2915,an_apple,5,145.47
2916,domo_t,5,145.52
2917,zrnnnn,5,146.27
2918,aoprpl,5,146.67
2919,Mohisha,5,146.82
2920,sp4s7ec9,5,147.15
2921,zhuzifeng,5,147.63
2922,wuzebang2009,5,148.7
2923,rau17,5,148.73
2924,treneneno,5,148.87
2925,rajanimeena,5,148.95
2926,Neeraj8180,5,149.23
2927,Aging,5,150.87
2928,Aniket007,5,151.22
2929,beiju,5,151.62
2930,Vincent_,5,151.7
2931,dulf2024,5,151.77
2932,tuwenshuo,5,152.48
2933,ygw24116,5,152.77
2934,Mingjinzi,5,152.88
2935,laharikashi,5,153.65
2936,xwv,5,153.95
2937,mortal_liang,5,154.23
2938,dengstar,5,155.73
2939,ShimonShi,5,155.77
2940,ayush2074,5,155.92
2941,kleinmoretti505,5,156.43
2942,ScubCoral,5,156.7
2943,eesti_coder,5,156.72
2944,najdorf,5,156.73
2945,zhengyena,5,157.47
2946,saya_38_t,5,157.58
2947,yanx,5,158.47
2948,libingzhen,5,158.92
2949,Nanako7_ix,5,159.0
2950,Varunesh_B,5,159.1
2951,hetxyz,5,159.45
2952,wenki,5,159.97
2953,moneychen,5,160.05
2954,yapiyapi,5,160.43
2955,Annel_Jefferson,5,160.62
2956,aparna_medida,5,160.72
2956,jsdw,5,160.72
2958,zerro223,5,161.0
2959,Dofla,5,161.07
2960,krishnaawasthi26,5,161.35
2961,SONGYI1,5,161.45
2962,zxliu998244353,5,162.65
2963,santujahangira,5,163.0
2964,nuekodory,5,163.48
2965,omar_Wael272,5,164.0
2966,huo000,5,164.07
2967,nyaooooo,5,166.85
2968,bs_commander,5,167.17
2968,nella17,5,167.17
2970,yungyBaSe,5,167.42
2971,Apostle_V,5,167.57
2972,masasu,5,167.6
2973,fqycal,5,167.77
2974,ha_phixah,5,168.25
2975,vaibhavsharma,5,168.3
2976,YBLukita,5,168.78
2977,Santhosh_kumar,5,168.8
2978,Toxinity,5,168.83
2979,LiangBaiKai,5,169.25
2980,Mangalesha,5,169.3
2981,normalsigner,5,169.73
2982,new1code98,5,169.77
2983,toshityuwan,5,169.9
2984,fumin29,5,171.27
2985,clx201022,5,172.07
2986,Rayshaun233,5,172.95
2987,shiyilang0910,5,173.48
2988,SASIREKHAL,5,173.82
2989,yunseo68,5,174.35
2990,Gochan415,5,174.65
2991,Stewie_griffin,5,174.67
2992,afsarai,5,174.72
2993,heshufan,5,174.87
2994,Frost_Xie,5,175.18
2995,6fatty,5,175.58
2996,yxl1,5,175.9
2997,unavailable_,5,176.33
2998,Sakshi70427,5,176.42
2999,nakamaay1,5,176.78
3000,zihan_ayame,5,177.35
3001,gayathri_r,5,177.98
3002,hunter_sung,5,178.45
3003,Chestify,5,178.83
3004,bayen04x,5,180.37
3005,qwq_Furry,5,181.38
3006,prit_zalavadiya,5,182.02
3007,YMWL,5,182.5
3008,At128,5,182.72
3009,Melting_Pot,5,183.1
3010,ssr18,5,183.3
3011,rgr2025,5,183.85
3012,hiromu00,5,184.78
3013,juruo_wzq_129,5,185.0
3014,bitsqwq,5,185.12
3015,dh24,5,185.4
3016,jhtnoegg1,5,185.7
3017,karthikaljapur28,5,186.15
3018,Kami_kun,5,187.2
3019,masa1031,5,188.23
3020,Rytaos,5,188.27
3021,WilliamWilli,5,188.28
3022,benjaminshih,5,188.8
3023,HarishBalajiR,5,189.9
3024,sendol,5,190.05
3025,SkillZz_,5,190.12
3026,es13nt_A_2,5,190.73
3027,Jack03100310,5,191.32
3028,SuperJac,5,191.45
3029,kangsm02,5,191.78
3030,Ernst_zemo,5,192.35
3031,flash667,5,193.57
3032,owata689,5,195.03
3033,MasaPokemon,5,195.48
3034,tongyy,5,195.82
3035,leolin,5,197.18
3036,nnmmcxn,5,197.45
3037,ScottSuperb,5,197.83
3038,Nikhil450,5,198.2
3039,SUPERFIRE777,5,198.42
3040,YJLbetter,5,198.78
3041,Catchet,5,199.23
3042,liujianbin,5,200.15
3043,Arun69,5,200.67
3044,Zx_coder,5,201.0
3045,sangramofc,5,201.72
3046,agtxdy,5,202.13
3047,A_gin,5,202.15
3048,kit29025bad078,5,202.6
3049,liruiyao,5,202.65
3050,shinyal,5,203.67
3051,Jack321,5,204.5
3052,Drosera,5,204.88
3053,alg0kun,5,206.77
3054,crux21,5,208.45
3055,LZOI_ZJX,5,209.78
3056,AnanthB,5,210.03
3057,unimodal_pair,5,211.05
3058,Frosty030,5,211.5
3059,PICOLO,5,211.7
3060,Bharadwaja_C,5,213.97
3061,Wasaw,5,214.27
3062,yanwh,5,214.6
3063,taso20,5,215.12
3064,yash2121,5,215.15
3065,Zjb123,5,216.5
3065,sakibhasan01,5,216.5
3067,yesukhei_a,5,217.47
3068,Vornix8,5,218.8
3069,wildwater,5,219.72
3070,hepingge,5,219.83
3071,trinyyyyy,5,219.9
3072,Prernasingh,5,220.05
3073,minahtoe,5,222.53
3074,ioiak101,5,223.08
3075,Atcoder__,5,223.13
3076,zhaoyonghao,5,224.05
3077,Radit27GT,5,224.33
3078,BRUCE_LIU,5,224.95
3079,cfy2012,5,225.07
3080,kartik_codelabx,5,227.7
3081,dimasta,5,229.77
3082,Mjaksyej8ds9is,5,229.83
3083,binxuan,5,230.6
3084,Varun_Dama,5,233.47
3085,zhouyuke2028,5,233.8
3086,cstx,5,236.08
3087,liuchenjia12345,5,238.02
3088,arnab_21,5,238.18
3089,syndrome,5,239.15
3090,Lathika_3006,5,240.35
3091,vishy282,5,241.3
3092,ITempo,5,241.77
3093,Max_05,5,242.07
3094,kmath628,5,244.87
3095,DoKaggle,5,245.92
3096,Sogggy,5,246.23
3097,vikashnaveen,5,246.47
3098,Warsama,5,247.88
3099,subhash519,5,248.48
3100,square1001,5,248.72
3101,goldeneyeowl,5,258.7
3102,abdulwahab121,5,259.9
3103,Blue_Demon77707,5,260.08
3104,FYCCCTA2011,5,261.37
3105,yuuito,5,263.83
3106,Surya_17,5,265.4
3107,thisissaimum,5,268.68
3108,KernelPnc1919,5,268.95
3109,Mindulle,5,270.38
3110,yirandoris,5,270.47
3111,zxcode,5,284.12
3112,shide_chuanzhang,5,287.95
3113,deeksha_16,4,14.45
3114,ILoveHuTao,4,16.5
3115,jianghz,4,18.48
3116,abcdfeg,4,18.53
3117,praxxnnt_06,4,18.65
3118,Panyang,4,19.28
3119,Lemon_zqp,4,19.65
3120,SC3,4,23.8
3121,Zenin_,4,26.5
3122,alice1729,4,26.82
3123,highlighter,4,27.5
3124,hemati,4,28.73
3125,Hydron,4,29.12
3126,anpanman314,4,30.57
3127,zhangyf,4,30.65
3128,YhuanDebeste,4,30.97
3129,sort1,4,31.42
3130,sounansya,4,33.4
3131,sathvik_at,4,34.13
3132,hanbaagu1,4,34.22
3133,ting39,4,34.65
3134,yacksona,4,34.8
3135,ReomaNsTrike,4,36.02
3136,Chetan_21,4,39.3
3137,dongxiuwzh,4,40.13
3138,porkleoi,4,40.25
3139,Omkaarr,4,40.9
3140,earth999,4,40.97
3141,Devesha,4,41.27
3142,Ryan12,4,41.5
3143,ajfrosty,4,42.22
3144,2bit,4,42.83
3145,Mohamed_Shsosha,4,43.45
3146,duanyuyang,4,43.93
3147,Gayagaya4,4,44.42
3148,Harsh_12,4,45.25
3149,rashid_siddiqui,4,45.28
3150,abhinav22khanna,4,45.57
3151,moy4shi3,4,45.62
3152,zoidzium,4,46.0
3153,zzzsssttt,4,46.02
3154,oct1st,4,46.47
3155,xuz,4,47.28
3156,zzt_puddle,4,47.75
3157,st0123,4,48.0
3158,dekkaineko,4,48.23
3159,Cliff444,4,48.5
3160,hanaosi,4,48.85
3161,MatsumotoT,4,49.12
3162,IshanBhardwaj,4,49.77
3163,FengFengChiJi,4,49.78
3164,__lucky56,4,49.98
3165,__harishpathak__,4,50.12
3166,Inline_void,4,50.37
3167,cris2137,4,50.83
3168,iiilex,4,51.18
3169,swayamn72,4,51.27
3170,huqiyun,4,51.43
3171,sunamegane,4,51.62
3172,syq77,4,52.1
3173,BIANXULONG,4,52.18
3174,hriu,4,52.43
3175,funnyface,4,52.48
3176,Turgyn_Yahya,4,52.52
3177,Midoca,4,52.7
3178,xz_ea,4,53.08
3179,nika123,4,53.82
3180,crazyPhyonix,4,54.52
3181,Alinur_2028,4,54.67
3181,tajyu,4,54.67
3183,GeorgeCai,4,54.8
3184,azamat123,4,55.03
3185,Hiro_2006,4,55.07
3186,TimZhou,4,55.42
3187,Cyclog,4,55.63
3188,jianges,4,56.2
3189,nezumi3,4,56.4
3190,nao2002_,4,56.47
3191,kouylty,4,56.57
3192,atui_xxiv,4,56.58
3193,ChosenPlant,4,57.03
3194,r4Ks,4,57.15
3195,Mottchan,4,57.42
3196,wensx,4,57.8
3197,KomeijiArmia,4,58.03
3198,bulebrainbrand,4,58.15
3199,terran_yj4,4,58.2
3200,Youssef_Elwazzan,4,58.52
3201,sw2022,4,58.77
3202,LJH0406,4,58.93
3202,shika_mocha,4,58.93
3204,buyna13,4,58.97
3205,lcxlcx,4,59.08
3206,ranjit_thegreat,4,59.15
3207,kaz7221,4,59.3
3208,snow_ponder,4,59.35
3209,michealdantes,4,59.42
3210,PlantClover,4,59.87
3211,Scoder028,4,60.22
3212,x3medima17,4,60.27
3213,mrqsmart,4,60.87
3214,makkii,4,60.93
3215,ktm69,4,60.95
3216,binom,4,61.35
3217,sanation_cpp,4,61.38
3218,BoredPanda,4,61.48
3219,LpiYs,4,62.17
3220,RoshiniKR,4,62.37
3221,penchan51,4,62.6
3222,willjem,4,62.72
3223,Aemeath,4,62.78
3224,Eazinstar,4,62.82
3225,Mollor,4,62.9
3226,stho,4,62.98
3227,SSmagus,4,63.05
3228,LunaGeeking,4,63.08
3229,GongNanyue,4,63.23
3230,linhe_Echo,4,63.32
3231,Mosaab,4,63.6
3232,Cowell,4,63.77
3233,vknow360,4,64.15
3234,gambheera11,4,64.22
3235,Siitake7,4,64.35
3236,LashaMosidze,4,64.72
3237,arushjain609,4,64.78
3238,pradeepkr415,4,64.88
3239,tomogoma0609,4,65.07
3240,Souma402,4,65.33
3241,maxlmb2023,4,65.4
3242,ht12,4,65.75
3243,CiAFang,4,65.98
3244,zdyx,4,66.12
3245,superjuruo,4,66.5
3246,huangyexi,4,66.68
3247,yangser,4,67.03
3248,stasbadzi,4,67.48
3249,CTJM_YYDZ,4,67.67
3250,include_qwq,4,67.92
3251,premier,4,67.98
3252,kataniya,4,68.25
3253,haostar,4,68.27
3254,CaYi,4,68.28
3255,geriatricoder,4,68.45
3256,fuyvchen,4,68.55
3257,kitty_cat0702,4,68.57
3258,nmoon,4,69.22
3259,leo120306,4,69.48
3260,roCatalyst,4,69.5
3261,devjain008,4,69.55
3262,TomDevX,4,69.78
3263,sofyan,4,69.88
3264,Recolve,4,70.67
3265,redfeather,4,71.3
3266,liyuqing2023,4,71.62
3267,ljx20130810,4,71.63
3268,coheshen,4,71.65
3269,Smlka,4,71.73
3270,Sonetto37,4,72.23
3271,Firefly188229255,4,72.47
3272,wolf2006,4,72.52
3273,Gleefre,4,72.53
3274,FWX2011,4,72.97
3275,reorohan,4,73.87
3276,yyx91,4,74.03
3277,delta2197,4,74.08
3278,Sayantan108,4,74.15
3279,is_ware,4,74.17
3280,princeakanerd,4,74.37
3281,Akiakiparadaisuu,4,74.4
3282,Mi61t,4,74.57
3283,omerule,4,74.62
3284,wanmohan,4,74.78
3285,E23chenshuohan,4,75.02
3286,sujoy_ghosh,4,75.2
3287,yazan12321,4,75.35
3288,abcd1729,4,75.42
3289,hhhgjy,4,75.52
3290,Wangj,4,75.53
3291,Aterroth,4,75.68
3292,paradoxicaldemon,4,75.9
3293,tantan1007,4,76.23
3294,rpam,4,76.37
3295,JerryJerry06,4,76.63
3296,Manikanta420,4,76.77
3297,gomaazarashi,4,77.2
3298,Harshit_Anand,4,77.28
3299,yokokaiten,4,77.77
3300,Kanztume,4,77.8
3301,Lan_Sky,4,78.07
3302,N0coder,4,78.58
3303,dragon150,4,78.85
3304,trno8,4,79.07
3305,NaruhodoWright,4,79.08
3306,ShyamK,4,79.15
3307,retr0foxx_osu,4,79.38
3308,zhaoboxiang,4,79.5
3309,2188535244,4,80.02
3310,abxin,4,80.13
3311,ray66,4,80.85
3312,sahadheep,4,80.92
3313,ArcoRATH,4,81.05
3314,hayahaya11,4,81.3
3315,Koon412,4,81.88
3316,wangjiahang,4,82.4
3317,irinuadesukira,4,82.47
3318,suviker1,4,82.53
3319,Han24666,4,82.55
3320,manish_patidar,4,82.92
3321,Hill_Fly,4,82.93
3322,yeshy,4,82.97
3323,InfRobin,4,82.98
3323,alloova,4,82.98
3325,LyricCzZ,4,83.02
3326,qustyang,4,83.52
3327,Liutengyi10086,4,83.63
3328,Advinas,4,83.68
3329,FlameDan,4,83.85
3330,Alan7,4,84.15
3331,vnithin2005,4,84.25
3332,Bluelock_atcoder,4,84.35
3333,Debanjon_Roy,4,84.45
3334,apollo07,4,84.67
3335,Hacker_Leslie,4,85.0
3336,ZsH68122zSH,4,85.17
3337,i_am_nb_coder,4,85.23
3338,xmy_114514,4,85.33
3339,untan,4,85.4
3340,Catking14,4,85.42
3341,aditbuddy,4,86.03
3342,lycheeoolong,4,86.2
3343,iskandar_kancho,4,86.37
3344,AlkhilJohn,4,86.5
3345,Someeran,4,86.72
3346,ddraig,4,86.83
3347,JiamingZhang,4,86.95
3348,ctaka,4,87.0
3349,zhchz,4,87.4
3350,Deyudeyu,4,87.43
3351,QEF,4,87.45
3352,parshuram02,4,87.68
3353,Pagesh,4,87.87
3354,UltraRT,4,88.18
3355,guoliang_gsta,4,88.28
3356,ayuanay,4,88.32
3357,hong_doge,4,88.37
3358,Suman2280,4,88.38
3359,morhadi,4,88.58
3360,Caifly,4,88.82
3361,edoc,4,88.97
3362,WiseKid,4,89.3
3363,Sukaran,4,89.62
3363,XAMPP_,4,89.62
3365,AAAlcar,4,89.78
3366,Relativitycoder,4,89.87
3367,Dineshravva,4,90.13
3368,shadows_llx,4,90.47
3369,Elamaran,4,90.5
3370,my_small_account,4,90.58
3371,liruixuan,4,91.17
3372,AGENT_k1,4,91.73
3373,ld_skizo,4,91.88
3374,suhongchuan,4,92.35
3375,zerotwoone,4,92.45
3376,Saksham2597,4,92.52
3376,catu,4,92.52
3378,zbqwq,4,92.65
3379,Levmz,4,92.68
3380,raspberry1729,4,92.73
3381,Li_x,4,92.88
3381,Mo_Huzaifa,4,92.88
3383,ginji0305,4,93.1
3384,WiiD3,4,93.12
3385,twkim_02,4,93.13
3386,Nyslip,4,93.18
3387,iamamanksingh,4,93.45
3388,yeah_sure,4,93.52
3389,ggbamg,4,93.53
3390,razibr,4,93.55
3391,shirasu2006,4,93.58
3392,kinoud,4,93.82
3393,prince_X,4,93.97
3394,Rupant_ted,4,94.33
3395,byk_ALEX,4,94.78
3396,C7BMkOO7Qbmcwck7,4,94.82
3397,GreyRat,4,94.95
3398,dumbhun_5076,4,95.07
3399,sxw2014,4,95.65
3400,SistineFibel,4,96.12
3401,Harinimurugan,4,96.18
3402,smm228,4,96.67
3403,CoderDevdas,4,96.72
3404,arianmmm11,4,96.77
3405,yasuhouse,4,96.87
3406,Mustafalab,4,96.9
3407,nay_r,4,97.32
3407,wasq,4,97.32
3409,Jamshen,4,97.4
3410,lazycoder000,4,97.43
3411,RigelStar,4,97.58
3412,fangzixuan,4,97.83
3413,chiyu_,4,97.88
3414,sdnight5,4,98.15
3415,pulak111,4,98.23
3416,acahsteven,4,98.37
3417,daikiad,4,98.57
3418,Mradul_Sharda,4,98.7
3419,AAA88,4,98.72
3420,Lazy__sheep,4,98.83
3421,motidanyan,4,98.9
3422,icaicai10086,4,99.03
3423,iphi7,4,99.32
3423,vrvrum,4,99.32
3425,ishan_324,4,99.8
3426,Xfive,4,100.03
3427,w0t0,4,100.1
3428,Dfsaot,4,100.15
3428,Randomy,4,100.15
3430,asad_rizvi969,4,100.25
3431,MadhavRamSai3,4,100.47
3432,icecream27,4,100.57
3433,anima_963,4,100.67
3434,scyQual,4,100.72
3435,ksseed,4,100.95
3436,bu_xiang_qu_ming,4,101.45
3437,kkislay20,4,101.5
3438,px_poxiao,4,101.73
3439,mibraheem846,4,101.82
3440,mengyj,4,101.93
3441,gemtec,4,102.03
3442,Doppler01,4,102.15
3443,TianX2026,4,102.27
3444,god_of_hell,4,102.4
3445,njust_jiji,4,102.73
3446,xingyu_xuan,4,102.93
3447,wfdytut,4,102.95
3448,teruru_1,4,103.1
3449,ACAC_100,4,103.12
3450,Anonymous_TV_hyq,4,103.25
3451,Elaina3308,4,103.33
3452,Kittiphop_Suwann,4,103.4
3453,guo0o0Oo,4,103.55
3454,qzyz_slt,4,103.68
3455,Anu_Pandore24,4,103.77
3456,skg0001,4,104.08
3457,henfarias,4,104.92
3458,ngc3587,4,104.98
3459,sorb,4,105.35
3460,kinugoshi8928,4,105.37
3461,Chilllee,4,105.75
3462,heyitsme,4,105.83
3463,Illumina,4,106.03
3464,Lazyfll,4,106.07
3465,Xmymax,4,106.27
3466,Adarshjha,4,106.7
3467,sp3249,4,107.47
3468,pealsha,4,107.55
3469,KnownError_,4,107.88
3470,7qffza5d,4,108.0
3471,snuece_bumboo,4,108.13
3472,kmooop,4,108.47
3473,Himanshu056,4,108.57
3473,cuber_hmq,4,108.57
3475,Nmj,4,108.85
3475,shiroCode82,4,108.85
3477,lichaozhe2022,4,108.87
3478,lance879,4,109.03
3479,confizhou,4,109.13
3480,shoutou,4,109.2
3481,sainadhareddy,4,109.28
3482,cwl769,4,109.48
3483,Kasty,4,109.82
3484,AshwinS2008,4,109.93
3485,yimachi0203,4,111.03
3486,zkzako,4,111.27
3487,Megane149,4,111.35
3488,nirach10n,4,111.5
3489,_VIKRAMADITYA_,4,111.57
3490,hafniii,4,111.58
3491,haribhai2_0,4,111.88
3492,entropy_negative,4,112.17
3493,Comprehensive,4,112.18
3494,Factor1,4,112.27
3495,Harry114514,4,112.37
3496,AlgoStruggler,4,112.42
3497,trmyx,4,112.8
3498,darigo,4,112.93
3499,kizun,4,113.98
3500,wzh2026,4,114.52
3501,saltykub,4,114.68
3502,goel_aadhaar,4,114.78
3503,gaurahuja,4,115.0
3504,cxpatr,4,115.15
3505,Isshii,4,115.37
3506,Andy_hpy,4,115.43
3507,ChaoticZao,4,115.45
3508,zet123456,4,115.5
3509,sri_nehad,4,115.6
3510,tarannom1,4,115.62
3511,yiyupode,4,115.78
3512,lihaolin,4,115.93
3513,keisuke6,4,116.17
3513,nani3do,4,116.17
3513,xieqq,4,116.17
3516,hanhanli100,4,116.4
3517,Regu1us,4,116.42
3518,Ferrous,4,116.55
3519,msjing,4,116.58
3520,e4zy62,4,116.7
3521,nunu0_0,4,116.78
3522,hina_ch,4,116.82
3523,lightyrider,4,116.97
3524,zeyang01,4,117.47
3525,liuhepeng,4,117.65
3526,s_mtCF,4,117.83
3527,Ekta_singh16,4,118.12
3528,endow,4,118.27
3529,ZengZhaoGan_124,4,118.33
3530,zjd2013,4,118.73
3531,yajamon,4,119.25
3532,xming6,4,119.58
3533,HarshConsole,4,119.6
3534,deep_n_drap,4,119.8
3535,Lemon163,4,119.87
3536,miwo99,4,120.02
3537,Hohlistro,4,120.65
3538,felicita,4,120.77
3539,tatsuyateyo,4,120.95
3540,NSaiAdvaith,4,121.42
3541,shresthporwal,4,122.02
3542,Geet_Mantri,4,122.07
3543,Queryme,4,122.25
3544,aq1q2q3,4,122.52
3545,Glacyend,4,122.85
3546,MahakG,4,122.9
3547,MaximMGM,4,122.92
3548,Dragon_master,4,123.13
3549,LemonAcid,4,123.53
3550,wf715,4,123.9
3551,Acul4321,4,124.28
3552,XCJHYJ,4,124.32
3553,renren884,4,125.15
3554,niral261,4,125.27
3555,LengHuaping,4,125.3
3555,ssmbc2929bartok,4,125.3
3557,danki,4,125.32
3558,shrey71,4,125.38
3559,kunpishi,4,125.5
3560,BigSmart114514,4,125.98
3561,harukis3,4,126.32
3562,Ash_AtCoder,4,126.77
3563,zgmbsydmz,4,126.78
3564,zishanmalik,4,127.03
3565,kasamachi,4,127.17
3566,codeprocessing,4,127.25
3567,Hardy_Zheng,4,127.28
3568,sharky999,4,127.47
3569,oi2008,4,127.65
3570,MineCaineYT,4,127.87
3571,sub0411,4,128.02
3572,Skyo,4,128.72
3573,palashl24,4,128.77
3574,wangchenxun,4,129.6
3575,kirbysweet,4,129.73
3576,NavinSudharson,4,129.95
3577,Sanjay_2003,4,130.08
3578,VenkateshSubbiah,4,130.2
3579,neme21,4,130.42
3580,jqbqdnjy,4,130.8
3581,uir0,4,130.87
3582,camillacui,4,131.17
3583,NobitaDominates,4,131.33
3584,yangrenrui,4,132.25
3585,dDrago,4,132.52
3586,pwngodara,4,132.78
3587,FeatherCode,4,132.82
3587,puranesu,4,132.82
3589,tonystar0420,4,133.03
3590,KrishnaPriya_16,4,133.08
3591,GY_LGG,4,134.12
3592,coder67,4,134.27
3593,tellu,4,134.38
3594,miaocheng,4,134.4
3595,rishitrai,4,135.28
3596,Granshazy,4,136.27
3597,RachanaE,4,136.57
3598,Hariprasath_45,4,137.13
3599,zhouyuanOvO,4,137.2
3600,shuwe1,4,137.83
3601,carryfish,4,138.25
3602,Love_Terasia,4,139.87
3603,harita27,4,139.93
3604,espressivosubito,4,140.17
3605,rubsane,4,140.43
3606,KASHIF5AIBA,4,140.48
3607,fly_ljf,4,140.5
3608,RYD1M,4,140.7
3609,zycodes,4,140.93
3610,hjhj050103,4,141.07
3611,Timelorde65,4,141.4
3612,akshayshinde,4,141.9
3613,dengweile2026,4,142.57
3614,Shalom0919,4,142.85
3615,KedarXcode,4,143.1
3616,kandume7,4,143.27
3617,mochmoc,4,143.65
3618,shen71,4,144.12
3619,VoidSunny7,4,144.2
3620,sleepyAdarsh,4,144.33
3621,patience019,4,144.45
3622,light_candle,4,144.93
3623,Tdups,4,145.97
3624,p_z_y,4,146.07
3625,Sidd_hant13,4,146.37
3626,Nandhakumar_kb,4,146.72
3627,omar1o1,4,147.17
3628,WoolWiz,4,147.28
3629,VinhTapCode,4,147.57
3630,DewDrunk,4,148.4
3631,AurumPrime,4,148.7
3632,krrajeev,4,149.7
3633,hetao1733837,4,150.27
3634,FarBetter,4,150.37
3635,bearwhite,4,150.42
3636,witterP,4,150.83
3637,qz5z,4,152.67
3638,UTGyan7,4,153.57
3639,Priya_26,4,153.93
3640,HemantChpudhary,4,154.53
3641,cola_tin,4,154.63
3642,liuziyue1231,4,154.8
3643,gkjfijffogp,4,155.12
3644,Kiku_KC,4,156.08
3645,KundanQubitt,4,156.17
3646,minermouse,4,156.6
3647,Omirbay,4,156.92
3648,harshardhan008,4,157.5
3649,dharti,4,158.93
3650,Srishanth01,4,158.98
3651,Uranium238,4,159.05
3652,RamyaM,4,159.18
3653,SURONJIT503_,4,159.32
3654,leaf1,4,159.73
3654,pranav_reddy520,4,159.73
3656,Ixcy,4,159.83
3657,Chidvilas,4,161.15
3658,kouyiteng123,4,161.58
3659,shajidulsobuj,4,162.22
3660,lcatharsis,4,162.27
3661,Xiaoya,4,162.63
3662,irfan_92,4,163.17
3663,zyq206721,4,163.73
3664,Dennis_2006,4,166.28
3665,Takakuma,4,166.45
3666,xingfan,4,166.6
3667,Liuguang_Ji,4,167.22
3668,PrinceChhikara,4,167.5
3669,dingzixuan_,4,167.68
3670,LyraIsa,4,168.08
3671,nemuri_cp,4,169.5
3672,katefu334,4,170.18
3673,VaibhavC,4,170.7
3674,Tribits,4,170.82
3675,Haris01,4,170.9
3676,Manan23mp,4,171.02
3677,Mogambo1111,4,171.18
3678,ansh_malhotra33,4,171.67
3679,rengoku4203,4,173.62
3680,discoergosum,4,173.78
3681,hdc,4,173.92
3682,HUNTER_JIN,4,174.2
3683,thamim72,4,174.45
3684,Creeper114514,4,174.65
3685,spai006,4,174.8
3686,Harry_Wang,4,174.93
3687,Albx,4,175.47
3688,dabbler1,4,176.3
3689,Wilfredtomato,4,176.83
3690,rajath_pai,4,177.88
3691,Youssef_Nady,4,178.53
3692,flyer1,4,179.25
3693,huangzhenyu123,4,180.57
3694,bammer,4,180.58
3695,DurgeshMundada,4,181.27
3696,Jimris3,4,182.45
3697,Naman2401,4,182.73
3698,Prince_1184,4,182.87
3699,daodaodebaba,4,184.13
3700,Dinesh_Suthar,4,184.55
3701,pb2008,4,184.73
3702,ding870,4,185.22
3703,Sin_qwq,4,185.63
3704,theEleven,4,185.7
3705,OGIMI,4,185.93
3706,Shreyanshg2k23,4,187.25
3707,zhy123,4,187.88
3708,SiddhuG,4,190.08
3709,lain622,4,190.6
3710,2023szx,4,191.2
3711,adda_7,4,191.32
3712,AmishKumar,4,192.78
3713,qianwenyu,4,192.82
3714,zyc_2024,4,193.62
3715,Nithya_sri,4,194.8
3716,zeesh1906,4,194.95
3717,ujjwalg2611,4,195.73
3718,CCFNOI,4,197.58
3719,rajeevkumar21555,4,198.22
3720,gokul2code,4,198.5
3721,SupersonicMan12,4,198.97
3722,Vasanthakumar_S,4,199.78
3723,Mysticswordsoul,4,200.68
3724,DJI_MAVIC_4_PRO,4,201.47
3725,Gokuu007,4,202.27
3726,harshtha2028,4,207.23
3727,Farmersteve,4,207.9
3728,yuske2503,4,211.95
3729,BaiMingxi,4,212.32
3730,Deep_kamal_gupta,4,212.43
3731,becastal,4,213.02
3732,vincent13,4,214.72
3733,lokeshgodara,4,215.52
3734,toyuzuko,4,217.13
3735,kit29a25bad078,4,220.22
3736,codeseeker,4,220.23
3737,zhouyichen,4,220.97
3738,Lucky31,4,225.28
3739,joshna_2435,4,230.22
3740,ToastBread,3,6.8
3741,zhy091206,3,9.88
3742,jhthavenoegg2,3,10.18
3743,tatata96,3,12.37
3744,MMNMM,3,12.5
3745,Ryu0123,3,12.52
3746,sitz_bnk21,3,12.77
3747,fermion5,3,13.15
3748,kairi327,3,13.18
3749,ryan8303,3,13.42
3750,zlr,3,13.53
3751,popoik,3,14.47
3752,Sky_Thunder,3,14.62
3753,parthkoul_,3,15.05
3754,bipsig,3,16.83
3755,zhangxiaoyu,3,16.93
3756,akathecooldragon,3,17.22
3757,dragon_killer,3,17.45
3758,hirohito1971,3,17.57
3759,shiroyari,3,18.28
3760,karnaya,3,18.55
3761,yhop,3,18.6
3762,nknk9,3,18.63
3763,hobbit,3,18.77
3764,tobias_gregson,3,19.25
3764,xvl_,3,19.25
3766,Sud0oku,3,19.48
3767,dp_cp,3,19.58
3767,vaguu,3,19.58
3769,fhy123,3,19.92
3770,Tomic1280,3,19.95
3771,Lier_,3,20.15
3772,apricots,3,20.2
3773,Andrew_G,3,20.97
3774,jyc321,3,21.0
3775,I_O_C,3,21.15
3776,masatosis,3,21.25
3777,Taniquchi,3,21.35
3778,xuan2024,3,21.48
3779,kamiharu,3,21.62
3780,GenenSeikatu,3,22.07
3781,manishsingh12,3,22.23
3782,fast_music,3,22.25
3783,nongyanjie,3,22.53
3784,zutpig,3,22.92
3785,HiiragiUtena,3,22.95
3786,skirmish,3,23.55
3787,Anushka_123,3,23.7
3788,cln2012,3,23.77
3789,scp096shyguy,3,23.9
3790,Z_HX_QAQ,3,24.08
3791,eimatsuda,3,24.28
3792,jonathankw2005,3,24.53
3793,pbcoding,3,24.62
3794,Osman_112,3,24.73
3795,uddaydeol2,3,25.03
3796,Xdwjs,3,25.2
3797,Mugen2411,3,25.3
3798,homescapes_fan,3,25.38
3799,Caydenyinwei,3,25.6
3800,ayonizm,3,25.88
3801,Yossef_Ghozal,3,26.17
3802,rockyjoe23,3,26.38
3803,ChenZhengzhe,3,26.42
3804,linkai2024,3,26.68
3805,Red0106,3,26.7
3806,wang79,3,27.13
3806,zhangjingshuo,3,27.13
3808,lilinzhao,3,27.27
3809,Amrendra_01,3,27.33
3809,LeafMain,3,27.33
3811,leanlean,3,27.58
3812,jubi,3,27.72
3813,NeonKazuha,3,27.82
3814,Arxalier,3,28.07
3815,sekretarin,3,28.3
3816,comrade_h,3,28.55
3817,bigsticktw,3,28.65
3818,WANGHAOTIAN,3,28.83
3819,uremimi,3,28.85
3820,aaditya5576,3,28.87
3821,ReadingSteiner,3,28.95
3822,LinZhiheng,3,29.07
3823,sushant_bajaj,3,29.17
3824,krvishal,3,29.28
3825,Christ1ne,3,29.62
3826,Jameshuang2014,3,29.87
3827,Renl,3,30.0
3828,tyokousagi,3,30.12
3829,Sessito,3,30.22
3830,SovietEndlight,3,30.48
3831,tranDuyAnh,3,30.88
3832,mfaiz_1,3,31.8
3833,zhangyizhan,3,31.9
3834,Challa_Ajay,3,32.15
3835,Conet,3,32.43
3836,ashokkaji,3,32.45
3837,poat777,3,32.62
3838,AshishLimitless,3,33.48
3839,turuthok,3,33.52
3840,Anaxagoras,3,33.7
3841,MokshithCodes,3,33.73
3841,zhenglibo,3,33.73
3843,R05_mary,3,33.82
3844,nesshello,3,33.93
3845,BaconTifo,3,34.1
3846,SHIVa_Boi8,3,34.2
3847,minifish,3,34.32
3848,LZYXT,3,35.23
3849,Soummojeet_07,3,35.3
3850,zzzMVP,3,35.37
3851,Pinaki43,3,35.65
3852,Beatrix_Coder,3,35.98
3853,yangziyue2025,3,36.0
3854,MaxKon,3,36.03
3855,onionmal,3,36.32
3856,user71503102,3,36.5
3857,KKX666,3,36.83
3857,mentainanoda,3,36.83
3859,darelife,3,36.85
3860,Mohit65,3,36.87
3861,qgdjd,3,36.92
3862,kaguramaru2005,3,37.1
3862,nivethalg,3,37.1
3864,tmath,3,37.13
3865,zcx,3,37.47
3866,r1317,3,37.65
3867,ayxan001,3,37.97
3868,shuta1123,3,38.07
3869,Nigiha,3,38.5
3870,JoyceLele,3,38.58
3871,shenghao,3,38.65
3872,ImL,3,38.8
3873,OIbeginnweWZH,3,38.83
3873,nam0610,3,38.83
3875,SkyDreamer,3,38.85
3876,ktomoya,3,38.92
3877,ChrisG,3,39.02
3878,tejtex,3,39.07
3879,itigobanana,3,39.33
3880,rainkregis,3,39.35
3881,niuwei,3,39.65
3882,Wendynmm,3,39.77
3883,qinmingxuan,3,39.82
3884,Bahha,3,40.08
3885,Aaryan01,3,40.23
3886,Skratch,3,40.58
3887,Bhumik14,3,40.6
3887,sanyal_samudro,3,40.6
3889,C_X_L,3,40.68
3890,Phantom_73,3,40.73
3891,cpismayilmmdv985,3,40.82
3892,Nomann,3,41.03
3893,Gowsi07,3,41.2
3894,tyresemagic,3,41.38
3895,takagi3,3,41.57
3896,rucha_15,3,41.63
3897,xiaoboluo,3,41.7
3898,matekimado,3,41.72
3899,xingxie,3,41.92
3900,Wangbingxiang123,3,42.02
3901,Kazu1998k,3,42.3
3902,tjuersxz,3,42.4
3903,ebi125,3,42.43
3904,jondis,3,42.7
3905,VirajMewal,3,42.73
3906,YangHaoran142857,3,42.78
3907,zhuoheng,3,43.23
3908,mameeewin,3,43.53
3909,yangqingyun,3,43.62
3910,Inooo,3,43.7
3910,aattoomm,3,43.7
3912,LLL06,3,43.85
3913,Baki_19,3,43.98
3914,siddash,3,44.18
3915,sxcikun,3,44.3
3916,Zhenggeek,3,44.38
3917,zhangchenyi,3,44.52
3918,FuShulong,3,44.8
3919,CubingGlass865,3,45.0
3919,EunHo,3,45.0
3919,X_ey1267,3,45.0
3922,GN6,3,45.18
3923,jianglai0119,3,45.43
3924,zau_rusu,3,45.45
3925,mazhao241031,3,45.68
3926,ikr,3,45.75
3927,White_Green,3,46.0
3928,anarbaevaas,3,46.2
3929,hemant_kumawat,3,46.38
3930,bakirov,3,46.4
3931,niswog,3,46.45
3932,sahil6529kumar,3,46.58
3933,Harjap,3,46.65
3934,zhongjialin,3,46.75
3935,KannaRyou,3,46.98
3936,qqrnt,3,47.03
3937,inlex,3,47.08
3938,metto,3,47.12
3939,zhf14,3,47.3
3940,UchihaMadara007,3,47.4
3941,Medjed22,3,47.45
3942,Yorihide_Saito,3,47.5
3943,zofin233,3,47.55
3944,unknowerror,3,47.6
3945,UnknownUserCN,3,47.63
3946,alicesnorlax,3,47.77
3947,saixingzhe,3,47.82
3948,DCzhoutaicheng,3,47.83
3949,hanabinabi,3,47.88
3950,misaka_misaka,3,47.97
3951,hachidori_258,3,48.12
3951,iDhruv,3,48.12
3953,s_suwarna,3,48.18
3954,geetansh431,3,48.25
3955,Yunia_Ma1109,3,48.48
3956,zhouyuzhe,3,48.62
3957,denrock,3,48.8
3958,altman_xie,3,49.0
3959,tm8k1,3,49.07
3960,kuyy,3,49.13
3961,Cacaonib,3,49.47
3961,desize,3,49.47
3963,The_Destiny,3,49.7
3964,Moonhxy,3,49.85
3965,zhouyixuan,3,50.65
3966,Moons_Seeker,3,50.83
3967,Hiroaki7919,3,50.98
3968,CocoaCR,3,51.07
3969,zmdayo,3,51.12
3970,hiyo_89,3,51.13
3971,Marchell_Hii,3,51.18
3972,Nullptr_qwq,3,51.28
3973,akash16,3,51.6
3974,why_110623,3,51.75
3975,zhouhongjin,3,51.82
3976,dehou23333,3,51.95
3977,optmstpessmst,3,52.22
3978,moamizusaki,3,52.37
3978,shiiita,3,52.37
3980,Priyank25,3,52.48
3981,Amannn,3,52.53
3982,nk1044,3,52.67
3983,Harshal24,3,52.7
3984,Ariha117,3,52.97
3985,Tech_DVD,3,53.05
3986,vabxic,3,53.08
3987,tidy_dwan,3,53.1
3988,plasto,3,53.15
3989,a2kx,3,53.23
3990,Lava1807,3,53.3
3991,iitzmn,3,53.33
3992,diaklaa,3,53.45
3993,oyjp2007,3,53.55
3994,WangYiChen_Abner,3,53.85
3995,fullstar,3,53.87
3995,gumnaamm,3,53.87
3997,linzhengpei,3,53.9
3998,tempvar,3,54.0
3999,Warrior07A,3,54.45
4000,LongBow_249,3,54.48
4001,Starry_chatgpt,3,54.62
4002,ice04,3,54.72
4003,earlgrey_yh,3,54.75
4004,srp_Ethan,3,54.85
4005,rotas,3,55.07
4006,danqing,3,55.1
4007,climpet,3,55.12
4008,kubotafamilysho,3,55.17
4009,zouker1147483647,3,55.25
4010,SuperBusy,3,55.27
4011,wsy_I,3,55.35
4012,WH1T3B34RD,3,55.37
4013,Taiga_tiger,3,55.42
4014,TheImportant_qwq,3,55.43
4014,bcptptptp,3,55.43
4016,HarshilGoel,3,55.45
4017,ry023,3,55.82
4018,henilcp_111,3,56.08
4019,mrsahilsingh,3,56.17
4020,Himanshukk123,3,56.2
4021,naut,3,56.3
4022,KDeepa,3,56.4
4023,okitaka,3,56.88
4024,AarthiV07,3,56.92
4025,nnnn,3,57.23
4026,CodeX76,3,57.35
4027,mudgalsaksham,3,57.37
4028,fg_1ed,3,57.73
4029,RogeAustine,3,57.77
4030,dkul,3,57.98
4031,god_lok,3,58.05
4032,Tilek9602,3,58.17
4033,MohammadKachef06,3,58.52
4033,zjyk,3,58.52
4035,stromithm87,3,58.53
4036,ZTY666,3,58.6
4037,chenqiuli,3,58.65
4038,mrkm1627,3,58.8
4039,GibsonGYIOVdguis,3,58.85
4040,NaHCO3_514,3,58.88
4041,LogicFlow1226,3,59.02
4042,Http8php,3,59.05
4043,Fin1,3,59.18
4044,L3yu3D0r,3,59.48
4045,anupomkhan512,3,59.7
4046,lihuiwang,3,59.83
4047,tsubaki274,3,59.92
4048,DesignDigits,3,60.12
4049,Khalil_Fonggg,3,60.33
4050,doskoi95,3,60.42
4051,hallocary,3,60.48
4052,sanxi,3,60.62
4053,Pickles57,3,60.8
4054,Roro3828,3,60.97
4055,EnTingLof,3,61.02
4056,cao2333,3,61.2
4056,fupeng4328,3,61.2
4058,slicer24,3,61.28
4059,zao05,3,61.32
4060,wangyichen_0711,3,61.72
4061,hakurenn,3,61.8
4062,tyawanmusi,3,61.83
4063,zhiziwj,3,61.88
4064,snakey_13,3,62.15
4065,baihua0310,3,62.28
4066,sisisida,3,62.35
4067,Bittu07,3,62.75
4068,lothS,3,62.98
4069,liupeichen,3,63.27
4070,Samdo,3,63.35
4071,salt_qwq,3,63.53
4072,cxl123,3,63.63
4072,sh_an_na,3,63.63
4074,FunnyOwl27,3,63.78
4075,Kikurage_81,3,63.97
4076,adnan_akib,3,64.03
4077,wang_freedom,3,64.68
4078,WaterSpellbinder,3,64.75
4079,zhaowenbang,3,64.78
4080,nirajbhayera4,3,64.83
4081,Ktr_win,3,65.38
4082,bablupariharr,3,65.43
4083,RaghavSetia,3,65.48
4084,MGD,3,65.55
4085,MathsITCPP,3,65.6
4086,Nekozuki0509,3,65.67
4087,jingxuan37,3,65.78
4088,Abhinandan_Kr,3,65.88
4088,shanzhilin,3,65.88
4090,shawn9,3,66.03
4091,royking,3,66.1
4092,daimaren,3,66.18
4093,PRSTremonti,3,66.63
4093,Xx_RYO_xX,3,66.63
4093,trickle4519,3,66.63
4096,akhiko,3,66.68
4097,amitesh5314,3,67.03
4098,yxli,3,67.05
4099,Tomofang,3,67.13
4100,hzj2497,3,67.23
4101,xqxqxq,3,67.28
4102,zjmzjm2013,3,67.3
4103,priashisg,3,67.4
4104,saisridhar77,3,67.47
4105,JoyslinJenifer,3,67.6
4106,mushdx,3,67.75
4107,dimixo120,3,67.82
4108,swada,3,67.88
4109,moamoa,3,68.03
4110,h1rano,3,68.35
4111,wangjiahe1,3,68.4
4112,PCL3_at,3,68.53
4113,gondaliyabhavy29,3,68.78
4114,blackkarn,3,68.85
4115,tnk209,3,68.88
4116,ravshan09,3,68.92
4117,yuyuk,3,69.13
4118,gondsachin40,3,69.15
4119,nonomura689,3,69.18
4120,manish21,3,69.28
4121,mltttttt,3,69.35
4122,rahul_79,3,69.37
4123,nightswamp,3,69.38
4124,higuyuan,3,69.4
4125,zyx_6sxyz68,3,69.45
4126,silly_mouse,3,69.52
4127,Utopia142857,3,69.58
4128,matcha303,3,69.75
4129,White_Ghost,3,69.8
4129,meowcoder,3,69.8
4131,wencong,3,70.02
4132,chenyijun123,3,70.12
4133,Balajiganapathi,3,70.23
4134,Omid_monfared,3,70.35
4134,elliot245,3,70.35
4136,Nitoprogramnobe,3,70.37
4137,fyx11,3,70.62
4138,fulin123,3,70.65
4139,goofy,3,70.83
4140,zhangyongran,3,71.07
4141,AmirMonfared,3,71.08
4142,Zamrock,3,71.12
4143,Ackqueen,3,71.2
4144,RajAzad,3,71.38
4145,Simon517,3,71.42
4146,liguoshu,3,71.43
4147,sdxchovy,3,71.48
4148,Yash00,3,71.67
4149,jjq001,3,71.7
4150,Nishant_5217,3,71.72
4150,rikut,3,71.72
4152,geekyanshu,3,72.02
4153,tt11,3,72.22
4154,laibi,3,72.58
4155,SWYzzzzz,3,72.67
4156,WCw123456,3,72.75
4157,HotoRiii,3,72.88
4158,Sumitkakkar,3,73.25
4159,otaya123,3,73.28
4160,V1adis1av,3,73.45
4161,quzhouju66,3,73.5
4162,munjeokman,3,73.98
4163,taikodon,3,74.3
4164,mori318,3,74.38
4165,mohammadhabib,3,74.43
4166,Albatrossiiit,3,74.53
4167,TerminatorNULL,3,74.65
4168,Rajparihar,3,74.67
4169,domingo7621,3,74.7
4170,yybxyz,3,74.72
4171,liya1048,3,74.92
4172,Jaivin,3,75.0
4173,C4K3L0V312,3,75.07
4174,hamjik,3,75.23
4175,ksen6,3,75.3
4176,Saraswathi24,3,75.53
4177,GL_HF_BAI,3,75.65
4178,zhcil,3,75.72
4179,Greeme,3,75.77
4179,XL_C,3,75.77
4181,hikob,3,75.78
4182,Nikhilmulay04,3,76.13
4183,smit_jain,3,76.3
4184,zkycdj,3,76.4
4185,Alhaitham,3,76.52
4186,wcby0615,3,76.6
4187,tokuko,3,76.78
4188,mula,3,77.18
4189,Fengyi99,3,77.2
4190,amansingh63926,3,77.25
4191,Cipher_X,3,77.32
4192,wbc1030,3,78.57
4193,pikusi,3,78.77
4194,GoFarforDreram,3,78.97
4195,brokenkrag,3,79.02
4196,txing9126,3,79.03
4197,tai_97427,3,79.15
4198,shdgeyrt,3,79.17
4199,range0,3,79.3
4200,Ycy8696,3,79.43
4201,anshu8797,3,79.52
4202,Bijoy_16,3,79.6
4203,abhilashreddy,3,79.68
4204,ykshdja,3,79.72
4205,iyyyy,3,79.85
4206,Citrine,3,79.87
4207,libc,3,80.08
4208,mayyaannkk,3,80.55
4209,wangxiao_wait,3,80.57
4210,seventeen07,3,80.78
4211,cake060517,3,80.87
4212,sxphialin,3,81.0
4213,Monaco37,3,81.23
4214,ApoorvTripathi,3,81.43
4215,celtis,3,81.47
4216,LiXin_,3,81.8
4217,KuangZhong,3,81.88
4217,stu238_10,3,81.88
4219,Mahir_2012,3,82.02
4220,abhishek_17,3,82.22
4221,T4nishq,3,82.27
4222,pastel24,3,82.38
4223,tas2024831061,3,82.58
4224,prime_factor,3,82.68
4225,samuel2009,3,82.87
4226,Straw_hat,3,82.9
4227,Awanish,3,82.97
4227,white3devil,3,82.97
4229,ElaineWangyiran,3,82.98
4230,toripp,3,83.0
4231,khushishikhu,3,83.05
4232,JackzySun,3,83.15
4233,PranavYedave,3,83.35
4234,RainYang,3,83.4
4235,SSlime,3,83.43
4236,enu_1,3,83.45
4237,lcd123,3,83.57
4238,sonker844,3,83.68
4239,hridyanshuGupta,3,83.7
4240,yurin442,3,83.78
4241,Bruce161010,3,83.88
4242,mathcirno9,3,83.98
4243,sharppenguin,3,84.02
4244,moacf,3,84.08
4245,hakkaame626,3,84.37
4246,spirit09,3,84.38
4246,starrycat53,3,84.38
4248,Soureen_Dutta,3,84.55
4249,bhoomiihere,3,84.65
4250,Asur_Zurvan,3,84.87
4251,fothforuth,3,84.97
4252,Prakash__18,3,85.1
4253,KS1511,3,85.13
4254,Supreme001,3,85.17
4255,chenjunyu2014,3,85.18
4256,Adityag123,3,85.23
4257,wonkgb0922,3,85.4
4258,madcodes,3,85.52
4259,paradox24,3,85.73
4260,Greater_snow,3,85.75
4260,SatyamSuman,3,85.75
4262,AVALON_e,3,85.78
4263,vivek_ml,3,85.97
4264,zhouyibo,3,86.12
4265,lilpaws,3,86.37
4266,lvl1,3,86.4
4267,Anti_matter,3,86.47
4268,keven0324,3,86.52
4269,MAMIRUS,3,86.58
4270,Miss_gao,3,86.68
4271,Ubendiran,3,86.75
4272,SpyCracker,3,86.77
4273,convenie,3,86.83
4274,maxv,3,86.92
4275,roberun,3,87.02
4276,LYZ6666,3,87.05
4276,nevanth,3,87.05
4278,xbn_xnm,3,87.22
4279,garvitbansal,3,87.37
4280,fto,3,87.55
4281,Moaz_1e9p7,3,87.6
4282,omar_abdeen04,3,87.72
4283,PolikAntypova,3,87.75
4284,AkshatGupta00007,3,87.77
4284,Ciaa,3,87.77
4286,buchimi,3,88.0
4286,wyu_yu,3,88.0
4288,GaoleZhang,3,88.02
4289,Tamilselvi,3,88.13
4290,rss_11017,3,88.15
4291,Are_doc,3,88.28
4292,m1n5eo,3,88.32
4293,Ishan_007_,3,88.6
4294,pwvwvwvq,3,88.7
4295,satyamkr78,3,88.73
4296,Rutta,3,89.1
4296,cnyz,3,89.1
4298,abf,3,89.52
4299,dbx,3,89.6
4300,NikhilKumarSingh,3,90.3
4301,harshita_150,3,90.52
4302,Sriharish_06,3,90.57
4303,wo_wuzhi,3,90.75
4304,bunkichi,3,90.82
4305,siddharth_9817,3,90.9
4306,nithixh,3,91.03
4307,Loilty1335,3,91.05
4308,CutePucchu,3,91.18
4309,lzxsh2013,3,91.57
4310,Hareeswar17,3,91.62
4311,sameep,3,91.83
4312,Badstroke,3,91.92
4312,Monster10,3,91.92
4312,krton,3,91.92
4315,tasizan,3,91.98
4316,Rajveer7896,3,92.03
4317,ankit0210,3,92.4
4318,Charlie_shadow,3,92.67
4319,rafin_2144,3,92.72
4320,linzixiao,3,92.92
4321,song_2030,3,93.07
4322,Tsukishima131,3,93.25
4323,bigsuperplum,3,93.32
4324,hunglvh_,3,93.33
4325,Daksh_Ubhadia,3,93.4
4326,kya,3,93.55
4327,ldh666,3,93.65
4328,adityagrg023,3,93.72
4329,zxk0105,3,93.73
4330,Helico,3,93.83
4331,YAEL345YOL,3,93.9
4332,gw24131,3,93.93
4333,saber_suki,3,94.27
4334,sunny2012,3,94.37
4335,ta_will,3,94.38
4335,turtle611,3,94.38
4337,Its_dathan,3,94.4
4338,songshufei123,3,94.82
4339,Hacker_,3,94.85
4340,SomeThree,3,94.97
4341,Jx_H,3,95.0
4342,bangii,3,95.58
4343,AbhiP777,3,95.6
4344,sadhana02,3,95.72
4345,nsrcoder010,3,95.87
4346,Beloved_man,3,96.02
4346,jenish_09,3,96.02
4348,GeoYZH,3,96.12
4349,godlin,3,96.52
4350,shangszx,3,96.53
4351,AC_time,3,96.57
4352,x5ilky,3,97.37
4353,YukaNamiki,3,97.52
4354,persuade123456,3,97.7
4354,rbybound,3,97.7
4356,bscdesu,3,97.73
4357,re_coder,3,97.85
4358,lxinzhi66,3,98.05
4359,bhumi623,3,98.08
4360,rocks,3,98.3
4361,kkk2000,3,98.37
4362,txngzs,3,98.4
4363,SMsss44,3,98.57
4364,rassvet_ii,3,98.83
4365,qad,3,98.92
4366,phoest,3,98.97
4367,fss,3,99.05
4368,carrower,3,99.12
4368,tartoise,3,99.12
4370,Bhavya24022006,3,99.48
4371,harupiyosonic,3,99.73
4371,recuraki,3,99.73
4373,HexArcy,3,99.95
4373,maybeSuima,3,99.95
4375,Erali,3,100.02
4376,ACEINFINITY,3,100.03
4376,Nizzy,3,100.03
4378,taipika,3,100.55
4379,cmj20120821,3,100.62
4380,masa5,3,100.78
4381,dabi_m,3,100.83
4382,SteveTonyYu,3,101.28
4383,QDan,3,101.68
4383,p1ll3chan,3,101.68
4385,xyn0502,3,101.72
4386,manojsingh22,3,101.8
4387,smooooggy,3,101.88
4388,TaylorFly,3,102.13
4389,Taku_Taku_Taku,3,102.38
4390,anvahb,3,102.43
4391,navneet_mishra,3,102.68
4392,Yaar,3,102.7
4393,skd151143,3,103.05
4394,Comitia,3,103.5
4395,chensiyu1,3,103.77
4396,zyling,3,103.8
4397,zzr2006,3,103.87
4398,fireale,3,103.97
4399,sairohan,3,104.08
4400,naimish,3,104.12
4401,Fshira,3,104.23
4402,resp,3,104.75
4403,Madhavan13,3,105.2
4403,kaedecha,3,105.2
4405,__HUPEIXUAN__,3,105.27
4405,shuojia,3,105.27
4407,Inception662,3,105.28
4408,RageLog,3,105.42
4408,lotily,3,105.42
4410,In_our_Sky,3,106.02
4411,edamame0,3,106.4
4412,InvictusNikola,3,106.45
4413,mkkirra,3,106.55
4414,Szx567,3,107.12
4415,biuntri,3,107.4
4415,flying_saucer10,3,107.4
4417,anushka123,3,107.6
4418,liupeixin,3,107.63
4419,kurorosuke,3,107.73
4420,CH0226,3,107.93
4421,veyl,3,108.02
4422,ljz1212,3,108.23
4423,vidhan7188,3,108.78
4424,nicetrydiddy,3,108.83
4425,lemonydrink,3,108.98
4426,fumingyang,3,109.02
4427,always_forget,3,109.85
4428,wither404,3,110.13
4428,youyou2007,3,110.13
4430,ayushpandey78001,3,110.37
4431,000nobody000,3,110.4
4432,six00teens,3,110.53
4433,prabandh05,3,110.8
4434,AmIgoodv2,3,110.9
4435,jackson_cao,3,111.55
4436,GGrun,3,112.02
4437,Anushka_05,3,112.08
4437,Sandeepkumar12,3,112.08
4439,sourav8789504881,3,112.37
4439,zhouduanxing,3,112.37
4441,9411412,3,112.55
4442,chobisuke,3,112.73
4443,jayanth26,3,113.4
4444,manojgottala,3,113.42
4445,syntri,3,113.58
4446,Virtual_Image,3,114.08
4447,Grammar_hbw,3,114.1
4448,Ananya29,3,114.3
4449,digamos,3,114.67
4450,cjyyy,3,114.7
4451,nieyutong,3,115.25
4452,wufh2000,3,115.32
4453,YashVardhanSingh,3,115.33
4454,hornet_,3,115.35
4455,_midnight_sun_,3,115.37
4456,Nigitha,3,115.4
4457,omarsaifeldeen,3,115.55
4458,20_izabek_13__,3,115.9
4459,DiamZ,3,116.12
4460,parv_chaudhary,3,116.23
4461,kashapoV,3,116.4
4462,bangalsubham20,3,116.52
4463,Ep1phany,3,117.18
4464,Damascus_,3,117.22
4465,Anax_,3,117.27
4466,ydzmyl,3,117.38
4467,a2251489884,3,117.62
4468,jjjoshbrownnn,3,117.63
4469,xjp666,3,117.73
4470,Madhavi_19,3,118.22
4471,zwcpas,3,118.3
4472,kaisoku2416,3,118.45
4473,Jerry2015NT,3,118.5
4473,Kirubalini252006,3,118.5
4475,M_Murphy,3,118.93
4476,Vickyyyyy,3,119.08
4477,ylllllll,3,119.28
4478,R0R,3,119.32
4479,Tejasvi1206,3,119.33
4480,rival_rend,3,119.73
4481,Poloooo,3,119.92
4481,kuratsuji,3,119.92
4483,t_atsushi,3,120.08
4484,Pikapurin,3,120.15
4485,abcd271828,3,120.38
4486,risujiroh,3,120.43
4487,ReaPeryzx,3,120.57
4488,RIGZ,3,120.9
4489,amnxd,3,121.13
4490,stegO04,3,121.22
4491,mobile,3,121.32
4492,dogs1234,3,121.57
4493,kannnamu,3,121.63
4494,fengzixiang,3,121.68
4495,tatacky,3,121.8
4496,fuyuchen2012,3,121.83
4497,xunuowei819,3,122.35
4498,Starbot,3,122.37
4499,suryansh_885,3,122.62
4500,Im_cat_huang,3,122.75
4501,yhyz2021027,3,122.78
4502,yuanqicheng,3,122.88
4503,Kiruthika_86,3,123.7
4504,seijuunimentai,3,124.15
4505,liang13688696239,3,124.2
4506,BlueRogue,3,124.32
4507,ramprasad_93,3,124.35
4508,wlh__1,3,125.0
4509,Gex777,3,125.05
4510,gyu31415,3,125.35
4511,Kouskos,3,125.47
4512,ekta_kisu,3,125.85
4513,AlgoPhoenix,3,126.25
4514,GojoSukuna,3,126.45
4515,Bar9463,3,126.6
4516,Pawankk_0122,3,126.73
4517,moton03,3,126.8
4518,coderone,3,126.87
4518,mikanon,3,126.87
4520,ragcode,3,127.27
4521,Xiee_Bro,3,127.4
4522,Mahedii,3,127.98
4523,qianyiran,3,128.23
4524,tuotuoyl,3,128.43
4525,zhangchuxi,3,128.8
4526,zyc2025,3,128.87
4527,mightguy106,3,129.07
4528,Alex123456,3,129.77
4529,KAAQ,3,129.83
4530,Baniyo,3,129.9
4531,rodutudor,3,130.0
4532,Naveenprasath_V,3,130.15
4533,Murali03,3,130.2
4534,brianzha0,3,130.22
4535,guan7cheng,3,130.28
4536,adimak,3,130.4
4537,zhaoxiayu,3,130.62
4538,Yuh_min,3,130.82
4539,ZhuHaocheng,3,131.37
4540,dhruva_shashi,3,131.78
4541,_O_v_O_,3,132.13
4541,nikuroll,3,132.13
4543,priyanshuuvv,3,132.18
4544,peanutButterJam,3,132.2
4545,skyshare,3,132.43
4546,Naman____17,3,132.45
4547,hamath,3,132.9
4548,ease2k,3,133.22
4549,Kolin,3,133.23
4550,i_do_cpp1,3,133.55
4551,municipal,3,133.87
4552,dyc2022,3,133.97
4553,lkkllk,3,134.32
4554,Vennela100,3,134.33
4555,jeyabalan1304,3,134.77
4556,practice_cp,3,135.32
4557,jingching666,3,135.35
4558,jacobiIdentity,3,135.68
4559,l1c,3,135.72
4559,liyp,3,135.72
4561,kfield,3,136.3
4562,ressentir,3,137.15
4563,smquanshi,3,137.52
4564,Brinton,3,137.62
4565,komatrn,3,137.75
4566,shibam_paul,3,137.8
4567,ahirame,3,137.97
4568,storrerguy,3,138.23
4569,spart,3,138.72
4570,Ahbbxjaiq,3,139.9
4571,ZhouTianRui,3,140.12
4572,jackwei1208,3,140.18
4573,shivangkeshri,3,140.33
4574,iketatsu,3,141.27
4575,drbxiao7,3,142.32
4576,ncsjacky,3,142.35
4577,ikhsan71,3,142.77
4578,avitiwari916131,3,143.52
4579,zzq3,3,144.03
4580,Leo201111,3,144.57
4581,Forget01Duck,3,144.68
4582,trkwm,3,145.35
4583,Oliver16,3,145.4
4584,habibielukman,3,145.62
4585,what_a_mess,3,146.98
4586,mahirjambhule,3,147.02
4587,cslgZ09224220,3,147.32
4588,Klimanson,3,148.73
4589,cinnamon_perfect,3,148.75
4590,BeyondHumanIQ_06,3,149.23
4591,JiKuai,3,149.52
4592,Rihitooo,3,149.95
4593,R243,3,150.02
4594,PhiloWael123,3,150.62
4595,roychuang,3,151.57
4596,indhuja_05,3,151.83
4597,junkokon,3,152.23
4598,Daksh_Jain,3,152.9
4599,Thamilselvan,3,153.12
4600,YOU_KNOW_WHO___,3,153.23
4601,headdd,3,153.32
4602,KAVIN_RAGAVINYAA,3,153.73
4603,htmnr,3,154.42
4604,Inderjeet1Singh,3,154.62
4605,ExAll,3,155.57
4606,abhi_05_shek,3,155.67
4606,konyonuku,3,155.67
4608,uaaw,3,155.7
4609,Damarico,3,156.02
4610,mutharasim,3,156.17
4611,wangsicheng,3,156.32
4612,harmokey,3,156.83
4613,kokila,3,156.92
4614,Sowmiya_M_S,3,157.68
4615,ciuim,3,160.92
4616,isfromjapan,3,161.3
4617,pan_ye,3,161.48
4618,xoceankingx,3,161.83
4619,Vernacular12,3,161.95
4620,AcuteAngle,3,162.02
4621,hydrogenperoxide,3,162.73
4622,toributter,3,163.27
4623,priyansh_gupta,3,164.65
4624,KavenSky,3,164.88
4625,benzene1002,3,165.48
4626,nyarugakuruga,3,166.68
4627,Niharika2,3,167.62
4628,sea_urchin_Bob,3,167.88
4629,DishaH,3,168.98
4630,arpitha_14,3,171.18
4631,Expecto_Patronum,3,171.65
4632,Subha_Sree05,3,172.32
4633,Vesper0129,3,172.92
4634,pratish_,3,173.15
4635,gtgnon,3,173.33
4636,Hang1156,3,176.37
4637,dingdang0424,3,177.1
4638,Yhayjx,2,1.3
4639,XHCLD,2,2.78
4640,sajichann,2,3.42
4641,Orz_Zyj6,2,5.02
4642,sakaYq4875,2,5.9
4643,SAT08,2,6.13
4644,Azubiwa,2,6.27
4645,ayon_,2,6.42
4646,YANGRONGYANG1,2,6.5
4647,sunny281,2,6.97
4648,whatisdp,2,7.1
4649,leaf_g,2,7.25
4650,Shivamch,2,7.35
4651,hashes1111,2,7.97
4652,ali_gorithm,2,8.17
4653,Mooos_MoSheng,2,8.35
4654,Network_Flow,2,8.4
4655,MwochaFan04,2,8.48
4656,riosshin24,2,8.8
4657,Basin,2,9.07
4658,no_response_JCer,2,9.22
4659,lyyz202515Qcr,2,9.27
4660,soorya1723,2,9.78
4661,Joker_sen,2,9.82
4661,THEDEV3,2,9.82
4663,wenxiangye,2,9.83
4664,misokonbu,2,10.12
4665,OR_222,2,10.55
4666,REO00,2,10.57
4667,yufh,2,10.78
4668,JinchenLu,2,11.2
4669,jzjr,2,11.22
4670,mzc2026,2,11.33
4671,lihaochen,2,11.58
4672,WhatACat,2,11.67
4673,Glory42_,2,11.85
4674,Pensuke_cube,2,11.87
4675,hidarime,2,12.2
4676,qixinghui,2,12.33
4677,zerathebat,2,12.43
4678,tokeidai,2,12.85
4679,cafkaf,2,12.92
4680,polishtex,2,12.95
4681,SParshR,2,12.97
4682,yymz,2,13.07
4683,mutualns,2,13.52
4684,limboru,2,13.58
4685,LJXljx123,2,13.72
4686,byhatcoder,2,13.82
4686,t0ruru0,2,13.82
4688,WF_wxl,2,13.88
4689,danny2011,2,13.97
4689,qazxcvbnmko,2,13.97
4691,mateiash,2,13.98
4692,nani1764,2,14.27
4693,luohaoxuan,2,14.43
4694,ShivamChahal,2,14.5
4695,Geogruffy,2,14.57
4696,Cc_Cx,2,14.88
4697,iakioinoi,2,15.05
4698,Lx2025,2,15.22
4699,kame_apples,2,15.27
4700,arereowl,2,15.35
4701,yinzhili,2,15.53
4702,simple710,2,16.17
4703,rlc202204,2,16.3
4704,Spline,2,16.32
4705,poundd,2,16.35
4706,zyc001,2,16.55
4707,msd7,2,16.67
4708,SunR1se,2,16.75
4709,aarohi,2,16.77
4709,advita10,2,16.77
4711,tr3,2,16.82
4712,ujex256,2,16.93
4713,tomato109,2,16.95
4714,kytknoi,2,17.2
4715,rishhh,2,17.23
4716,sxzgyc,2,17.83
4717,sxyz49,2,18.03
4718,Marchen,2,18.15
4719,rajendra48,2,18.22
4720,lcj110727,2,18.32
4721,aman081118,2,18.43
4722,orisis,2,18.52
4723,dzuizz,2,18.63
4724,yuukan,2,18.67
4725,sun1090,2,18.68
4726,mayank987,2,18.8
4727,kotopanpu,2,18.98
4728,Sving1024,2,19.13
4729,observer0,2,19.25
4730,jo318,2,19.27
4730,zxy24,2,19.27
4732,noaname,2,19.32
4733,dcsugar,2,19.87
4734,floof,2,20.0
4734,programgmg,2,20.0
4736,toko314,2,20.15
4737,Adityaraj,2,20.18
4738,Bonnyu,2,20.48
4739,CyrusWang,2,20.57
4740,liuruian,2,20.75
4741,Dudesendhelp,2,20.88
4742,Akshat_09,2,20.9
4743,Xuyo,2,21.5
4744,marytz,2,21.53
4745,Puff1e,2,21.57
4746,bapplenana,2,21.58
4747,Surya_PS_Rawat,2,21.6
4748,_Anu2006shka,2,22.02
4749,xiaozhinai,2,22.17
4750,nxj,2,22.18
4751,Shirasu_Azusa,2,22.23
4752,takuya0911,2,22.25
4753,hrshhh21,2,22.65
4754,utk369gupta,2,22.67
4755,imjustjavad,2,22.73
4756,vitaminPhi,2,22.87
4757,ZiyaCode1,2,22.92
4757,sususususuhc,2,22.92
4759,Ytg,2,23.03
4760,Alamin917,2,23.15
4760,coderKayn,2,23.15
4762,Pulkitgo,2,23.23
4763,Rushikesh15,2,23.32
4764,Kiaala,2,23.45
4765,viv511,2,23.47
4766,priyanshu_sde,2,23.52
4767,prxbhx,2,23.57
4768,Stackforge_11,2,23.63
4769,Bollam_varshith,2,23.65
4769,bit_by_bit,2,23.65
4771,ec_nsl,2,23.7
4772,hz3055,2,23.72
4773,jumpo,2,23.75
4774,yct9134,2,23.78
4775,georginio,2,24.05
4776,gkaply,2,24.23
4777,syum1,2,24.42
4778,dingruihong,2,24.72
4779,kanamekaname,2,24.75
4780,usnpd,2,25.07
4781,tioyo,2,25.13
4782,vidyanshi03,2,25.2
4783,GhostSilver,2,25.28
4784,Sarthak_Borse,2,25.4
4785,aashutoshgupta15,2,25.55
4786,azamjonpydev,2,25.75
4787,ruanhaojun,2,25.87
4788,ABHIN0V,2,25.88
4789,_Null_Ptr,2,25.95
4790,Hasuno,2,26.02
4791,Astro1477,2,26.13
4792,Ljy_,2,26.3
4793,yangjinguang,2,26.32
4794,weixirui,2,26.35
4795,DivyaK_007,2,26.47
4795,annk,2,26.47
4797,mokinvillain,2,26.5
4798,R_ana,2,26.67
4799,QgQ,2,26.75
4800,Shanto_Roy,2,26.87
4801,mg00s,2,26.88
4802,271828182,2,27.08
4803,xzy201201,2,27.15
4804,azerAslanov,2,27.57
4805,GarvitSharma5,2,27.63
4806,Black_Cat25,2,27.93
4807,yaosicheng124,2,27.97
4808,atmakrishna,2,28.0
4809,Reid2147,2,28.08
4810,Sagarth,2,28.22
4811,happy_Nas,2,28.23
4811,landawang,2,28.23
4813,ak_ak,2,28.3
4814,Hippopus,2,28.32
4815,md_kashem_molla,2,28.52
4816,werty219,2,28.65
4817,Jatin_Jalandhra,2,28.73
4818,su_ozer,2,28.88
4819,ShaJerry,2,28.95
4820,MayankTheCoder1,2,29.25
4821,Professor_4,2,29.35
4822,andwy6,2,29.38
4822,wangxiaer,2,29.38
4824,kamura,2,29.53
4825,labixiaoxin_ovo,2,29.55
4826,msabaq,2,29.58
4827,Priyanshi_20,2,29.8
4828,karakara_taishi,2,29.83
4829,abhisheknair,2,29.85
4830,xuan_11,2,29.88
4831,Adib2153,2,29.9
4832,ChiefAlderman,2,30.03
4833,gnoixnauhoaiX,2,30.1
4834,NightHeart,2,30.18
4835,ladyfingers,2,30.25
4836,northyy,2,30.38
4837,z04,2,30.55
4838,pipillow,2,30.68
4839,FreeCam,2,30.78
4840,huangxuanhongye,2,31.3
4841,zkxue,2,31.32
4842,cant_codeTM,2,31.37
4843,zjy875300683,2,31.42
4844,Aldnoahzero,2,31.43
4844,psan_ppp,2,31.43
4846,Galaxy_forever,2,31.48
4847,chetanyadav256,2,31.6
4848,masudayuuma,2,31.62
4849,PVarun,2,31.65
4850,earbuds2502,2,31.7
4851,Zzzyaxis,2,31.88
4852,loutianyue1,2,31.92
4853,yimingutzha,2,32.05
4854,chenyukun,2,32.52
4855,Ismail_Upal,2,32.77
4856,lzyrapx,2,32.82
4857,line0806,2,32.9
4858,IceFireELSE,2,33.28
4858,vesko,2,33.28
4860,Dhruvndmr,2,33.43
4861,raihan_hosen,2,33.55
4862,austinchen18,2,33.57
4863,nathalin,2,33.58
4864,raghavg6406,2,33.7
4865,BS1992,2,33.85
4866,tabseer,2,33.92
4867,AMARTIZATOR,2,33.98
4868,cw3782,2,34.25
4869,yashr24,2,34.28
4870,Hz_,2,34.5
4870,Rencc,2,34.5
4872,ripona,2,34.53
4873,Uwukado,2,34.6
4874,JigolKa,2,34.62
4875,tzzl3035,2,34.65
4876,NovaByte,2,34.73
4877,akasatana55,2,34.82
4878,Knon5000,2,35.02
4879,y526,2,35.32
4880,arijiiiitttt,2,35.35
4881,NUN1221,2,35.48
4882,pablo11l7,2,35.55
4883,junhui2024,2,35.57
4884,HowardH,2,35.62
4885,haru34829,2,36.02
4886,LiQinLang,2,36.03
4887,Jozsef,2,36.25
4888,Kartikp123,2,36.42
4888,nikeladaoba,2,36.42
4890,lucsap,2,36.47
4890,petghces,2,36.47
4892,klmo,2,36.48
4893,hugo25atcoder,2,36.52
4893,nakaknanakak,2,36.52
4893,zhoujunchen,2,36.52
4896,swarn,2,36.77
4897,k978,2,36.88
4898,usmstk,2,37.02
4899,Ashok_06,2,37.05
4900,nwa_uyu,2,37.12
4901,maksostashkevich,2,37.13
4902,rhustish,2,37.35
4903,CrimsonFrost17,2,37.37
4904,shunta0423,2,37.4
4905,EggDKernel,2,37.48
4906,XYZI,2,37.53
4907,Cd5,2,37.62
4908,Khaleesi,2,37.73
4908,doudou520,2,37.73
4910,zbl314,2,37.75
4911,liveless,2,37.83
4912,VibhorTyagi,2,37.88
4913,Andy_11,2,38.0
4914,minmincoder,2,38.05
4915,AyeshaSiddiqa,2,38.08
4916,olb_rb,2,38.33
4917,ediblepancreas2,2,38.38
4918,mimmozahid,2,38.4
4919,kevin08joel,2,38.42
4920,BALERION_,2,38.5
4921,Rov667,2,38.52
4922,pyy_,2,38.85
4923,harutatsu,2,38.88
4924,noinsts,2,39.0
4925,Ayush122,2,39.12
4926,zhangchenhao2014,2,39.17
4927,jsc123456,2,39.22
4928,AIYAZ,2,39.38
4929,lyh159,2,39.53
4930,VB_86,2,39.73
4931,EricTian,2,40.18
4932,bishRoy,2,40.25
4933,lucky1234567890,2,40.28
4933,yoiduki,2,40.28
4935,ThunderBolt32,2,40.3
4936,Crow_000,2,40.32
4937,devi_priya_1012,2,40.52
4938,night30nk,2,40.53
4939,Andy2035,2,40.57
4940,dorayaki_banana,2,41.0
4941,xParadox,2,41.05
4942,DongbeiYJ,2,41.12
4943,haruk1,2,41.17
4943,someRay,2,41.17
4945,nobiitaa,2,41.32
4946,DreamNight16,2,41.4
4947,rishidange20,2,41.43
4948,Gengjing,2,41.5
4949,aniketmondal1210,2,41.57
4950,caichengxuan,2,41.63
4951,kirankum4r,2,41.8
4952,kafuyuno,2,41.95
4953,neovo,2,41.97
4954,Aryan_Jumde,2,42.0
4955,Wangzhenghao1,2,42.02
4956,Sameer513,2,42.03
4957,Delulu_619,2,42.1
4958,SBharathvaj,2,42.15
4959,SumukhHatesDSA,2,42.23
4960,ChineseMuffin,2,42.38
4961,DJKP_Mk_2,2,42.52
4962,Akash_312,2,42.55
4963,riemann25,2,42.6
4964,Santhoshkumar12,2,42.77
4965,zhuchen,2,43.07
4966,spilHorizon,2,43.13
4967,T0x1c,2,43.18
4968,goldfish_19,2,43.3
4969,griffith911,2,43.33
4970,trailblazer887,2,43.55
4971,Hanyilinn,2,43.78
4972,weiyuping,2,43.88
4973,Sudip_Ghosh,2,43.97
4974,alive7z,2,44.17
4975,SwaimSahay07,2,44.3
4975,linuk,2,44.3
4977,atpugkiwda,2,44.33
4978,NDavid,2,44.35
4979,GarvAgrawal9084,2,44.42
4979,maduanze,2,44.42
4981,ruuuuuen,2,44.75
4982,fake_coder003,2,44.92
4983,Mahi_Gupta,2,45.0
4984,BihariBull,2,45.05
4984,ShimaShima0321,2,45.05
4986,ai2,2,45.08
4987,srish_,2,45.13
4988,imadios,2,45.27
4988,kazumaxxx,2,45.27
4990,atarayo1211,2,45.4
4990,dhinahar04,2,45.4
4990,qiuhuiyao,2,45.4
4993,Ayush2311,2,45.45
4994,LX666,2,45.52
4995,CodeMan62,2,45.68
4995,kernelsk3wl,2,45.68
4997,neeld9,2,45.92
4998,kenttcrane,2,46.07
4999,1vegetable,2,46.23
5000,Pelus,2,46.32
5001,kidye,2,46.55
5002,Haachi,2,46.7
5003,zongzi,2,47.02
5004,Lxp123456,2,47.03
5005,KOMALSAI4214,2,47.05
5006,dheerajd5,2,47.15
5007,abinayathapa64,2,47.18
5008,cooqoo,2,47.23
5009,a111111111111,2,47.28
5010,amangupta12,2,47.43
5011,HARIHARA,2,47.45
5012,jk18hcke,2,47.58
5013,giovanaLeite,2,47.75
5014,sacren,2,48.17
5015,yzl1226,2,48.32
5016,KuroHayate,2,48.42
5017,DhruvHere,2,48.45
5017,SilverNova_135,2,48.45
5019,ForgottenCat,2,48.52
5020,ainapure_ishan,2,48.65
5020,yellowsun20,2,48.65
5022,yuhaowen,2,48.75
5023,RoninXD,2,48.87
5024,lalala1215,2,48.9
5025,yuantu_1,2,49.02
5026,crow33,2,49.03
5027,avacadosAtLaw,2,49.18
5028,VijayaKanth_,2,49.23
5029,AIDENMINECRAFt,2,49.25
5029,zsq3416034946,2,49.25
5031,AtogawaConan,2,49.37
5032,raghava2266,2,49.45
5033,luohaoran1,2,49.55
5034,jzcx,2,49.67
5035,mugichandazo,2,49.7
5036,Sarvesh05,2,49.88
5037,Awsy,2,49.92
5038,itcompiles,2,50.03
5038,yuyu0215,2,50.03
5040,Yangzhuoming123,2,50.1
5040,vigil,2,50.1
5042,Ysprgatc,2,50.17
5043,gupta_harshal,2,50.18
5044,DimKarakio,2,50.2
5045,xiayin,2,50.35
5046,shahid167,2,50.38
5047,lazzzy,2,50.4
5048,cfy159357,2,50.43
5049,tarikul1234,2,50.53
5050,kaito_akabane,2,50.7
5051,konamyon,2,50.72
5052,mahmoud3092,2,50.92
5053,plutoo,2,50.93
5054,L0HIT,2,50.97
5055,Tholkappiyan,2,51.03
5056,abhishekkr18,2,51.22
5057,antriksha_galaxy,2,51.42
5058,JHA_ABHISHEK,2,51.43
5059,Dhruv7295,2,51.48
5060,lrlc,2,51.5
5061,karasarisu6,2,51.6
5062,Ri_dd,2,51.62
5063,shourya1601,2,51.7
5064,elzhanzh,2,51.75
5065,nakaiii,2,51.88
5066,moye12888,2,51.9
5067,bikesh,2,51.95
5068,cath20,2,51.97
5069,csw1226,2,52.2
5070,R_V_S_H,2,52.28
5071,AyushmanPani,2,52.32
5072,CheekyBrat,2,52.35
5073,711523BCB033,2,52.48
5074,ningjunming,2,52.77
5075,awesomey,2,52.83
5076,Vozinha,2,52.92
5076,d4rkHunt3r,2,52.92
5076,rashmi777,2,52.92
5079,parvgoyal,2,53.05
5080,zhoukker,2,53.08
5081,gch1206,2,53.13
5082,GodFajan,2,53.15
5083,spbob8yo,2,53.17
5084,MariaKPaul,2,53.32
5085,revan_,2,53.38
5086,yuki22194,2,53.4
5087,akshit777,2,53.58
5088,montinojikka,2,53.6
5089,Vishal546,2,53.7
5090,Satwik_Agrawal,2,53.78
5091,CodeSlinger_18,2,53.83
5091,chenhany,2,53.83
5093,alonoia,2,53.9
5094,sLMxf114,2,54.07
5095,nabil_mohamed,2,54.12
5096,Nyaruru,2,54.27
5097,Schin,2,54.33
5098,sovn1c,2,54.35
5099,KshitijKh,2,54.45
5100,kd_0915,2,54.52
5101,BhaveshJat,2,54.98
5101,qoogel_coding,2,54.98
5103,HarryUp,2,55.12
5104,S4hilSharma,2,55.15
5104,Sushii_in,2,55.15
5106,xuyifei1,2,55.25
5107,cygnus0,2,55.37
5108,alsow,2,55.4
5109,Aryan1805,2,55.53
5109,Wcy1130,2,55.53
5111,Hephan,2,55.57
5112,ritweek_17,2,55.75
5113,mislead,2,56.15
5114,xiangqianyu,2,56.35
5115,Ryan_Chen,2,56.37
5116,anassB,2,56.48
5117,Mandeep_07,2,56.58
5118,yakurto,2,56.65
5119,lisb,2,56.85
5120,Johnnygzc,2,57.12
5121,Junglebaba,2,57.15
5121,c0gniti0n,2,57.15
5123,brian0800,2,57.27
5124,codedetective,2,57.6
5124,nibbletonbuilds,2,57.6
5126,Norglias,2,57.65
5126,kopi_01,2,57.65
5128,ionik,2,57.77
5129,user_99,2,57.9
5130,Tomo691,2,57.95
5131,zbc123,2,58.0
5132,lwabmf,2,58.03
5133,rounainai,2,58.1
5134,FDonat,2,58.12
5135,ShubhSareen,2,58.47
5136,edwinjoe,2,58.5
5136,kingzo76,2,58.5
5138,RINTAR0U,2,58.53
5139,Prittam_01,2,58.58
5140,zhangzijian01,2,58.6
5141,noobcoder77,2,58.63
5142,LibH,2,58.65
5143,Theos,2,58.73
5144,thomasalvaedison,2,58.92
5145,mourning,2,58.93
5146,praba_0724,2,59.0
5147,amandeep360,2,59.1
5148,sizeo,2,59.12
5149,dilemma120,2,59.15
5150,liumingen,2,59.17
5151,tukaharu10000,2,59.32
5152,Aslanarsalan,2,59.4
5153,qing_you,2,59.53
5154,MinChel,2,59.7
5155,Kobalt,2,59.73
5156,zhaozhenyu,2,59.93
5157,sosuyuan,2,59.98
5158,jhyxxx,2,60.08
5159,Amane_21,2,60.17
5160,co2552,2,60.18
5161,youzi_2333,2,60.25
5162,Syren_Varshith,2,60.42
5162,lipicai44,2,60.42
5164,LDK14,2,60.55
5165,yashrathore965,2,60.8
5166,Nolm_foor,2,60.85
5167,wangdiwei30,2,60.92
5168,zgfjyy2015,2,61.05
5169,IkaCoder,2,61.08
5169,sugandhi15,2,61.08
5171,ylh_,2,61.15
5172,squaderkasto,2,61.2
5173,HimanshTheCoder,2,61.32
5173,xiaowangxiaoyun,2,61.32
5175,helloa,2,61.42
5176,S3133,2,61.45
5177,neel_codes,2,61.58
5178,yuexihuachen,2,61.68
5179,YashikaAgrawal,2,61.7
5180,siddhant_0107,2,61.72
5181,lerul,2,61.75
5182,jyoumu,2,61.77
5183,El_Pedron,2,61.83
5184,meowme,2,61.85
5185,ayush_341k,2,61.93
5186,0ymzymz0,2,62.0
5187,muchenguo,2,62.3
5188,sulabhsaluja,2,62.33
5189,vimal____,2,62.47
5190,bfly,2,62.65
5191,vinay_ydv,2,62.93
5192,cyq142857,2,63.0
5193,Joaquin144,2,63.03
5194,pratk_08,2,63.23
5195,NUTAN2006,2,63.38
5196,strlst,2,63.58
5197,Ombugzla,2,63.65
5198,rubyTl,2,63.68
5199,madhura_03,2,64.07
5200,nullbits,2,64.08
5201,Shadow_Aditya,2,64.1
5202,EramallaAravind,2,64.15
5203,Linhe__Echo,2,64.18
5204,R_PARTH,2,64.2
5205,AlifAhmad,2,64.25
5206,sivi21,2,64.4
5206,xianke,2,64.4
5208,nonakakazuma,2,64.45
5209,Pavi1309,2,64.63
5210,sixFeetUnder,2,64.75
5211,LiChen0459,2,65.13
5212,tokki,2,65.15
5213,shunjimen,2,65.27
5214,zoddd,2,65.4
5215,Modika,2,65.53
5216,rnfma,2,65.55
5217,Eiralys,2,65.57
5218,hii108975,2,65.58
5219,sri_hari,2,65.68
5220,Hari18,2,65.78
5221,Yeecean,2,65.88
5222,tkmtmnt,2,65.93
5223,NakulSingh,2,66.03
5224,tsubu7961,2,66.07
5225,Reuben9027,2,66.08
5226,Mahmoud_mohsin,2,66.17
5227,Tejasiitg,2,66.23
5228,17828014273,2,66.33
5228,vedanshbvb,2,66.33
5230,KINGSTAN,2,66.42
5231,harshtruth,2,66.58
5232,Nuralom005,2,66.62
5233,daihuku_8,2,66.73
5234,Hermesss,2,66.77
5235,xinghe8076,2,66.82
5236,lakpareek,2,66.87
5237,bhagavan,2,66.9
5238,Taslima_Khanam,2,67.27
5239,AshishMuppidi,2,67.42
5240,wylwww,2,67.53
5241,LSU_J25_mash,2,67.62
5242,Jai_Yadav_,2,67.7
5243,Yashica,2,68.0
5244,san69,2,68.07
5245,Gustavo_Ivar,2,68.17
5246,UltimateCoderBoi,2,68.22
5247,ShashankGrg,2,68.25
5248,yangtianran,2,68.28
5249,AkshitKBansal,2,68.47
5250,dd1230,2,68.7
5250,smegmus,2,68.7
5252,abhiabhinav447,2,68.72
5253,bonboconus0v0,2,68.82
5254,taewhankim,2,69.12
5255,Siren7,2,69.15
5256,ryan_decoded06,2,69.22
5257,alpha_nivi,2,69.3
5258,takato01,2,69.37
5259,Kajal_Shaw,2,69.52
5260,RxylonOP,2,69.55
5261,siddhardha_13,2,69.6
5262,salomao,2,69.67
5263,davie53,2,69.73
5264,gao123,2,69.82
5265,Aaditya711,2,69.83
5266,chatpata_Rajma,2,69.97
5267,AlonsoYT,2,70.02
5268,nikhilkr27,2,70.3
5269,niconico555,2,70.32
5270,eelmaru,2,70.37
5271,Vishanth_VS,2,70.45
5272,MisaUdon,2,70.75
5273,KHU5HWANT,2,70.78
5274,arikrrr77,2,71.15
5275,sood_pranav06,2,71.18
5275,yusio42,2,71.18
5277,SevenBu123,2,71.22
5277,vertexshader,2,71.22
5279,tjy201212,2,71.33
5280,Priyadarshi100,2,71.47
5281,PrackerX,2,71.52
5281,Sabari_18,2,71.52
5281,karthikbhuvanesh,2,71.52
5284,atunubiswas2,2,71.53
5285,atunicodebrunu,2,71.65
5286,kazu0430,2,71.85
5287,masum1834e,2,71.88
5288,Lucres,2,72.07
5288,rsiamsami,2,72.07
5290,Yadi12,2,72.15
5291,bread0mlett,2,72.32
5292,Vivek1215,2,72.33
5293,Baipr0,2,72.4
5294,knaagar,2,72.52
5295,misakuu,2,72.88
5296,Descartideal,2,72.97
5297,Abdoo_,2,72.98
5298,NeilShi,2,73.08
5299,lucsdei,2,73.13
5300,lubo,2,73.25
5300,seriya,2,73.25
5302,viga,2,73.32
5303,mohamed_samy327,2,73.38
5304,NikuSushi0704,2,73.42
5305,krgaurav07,2,73.6
5306,abhi258811,2,73.63
5307,ayase1,2,73.68
5308,Ryuzaki4657,2,73.88
5309,tangtangtdt,2,74.1
5310,KeyAmuse,2,74.13
5311,hetoro,2,74.2
5312,CCFhaha,2,74.25
5313,shlsew,2,74.55
5314,JigNeX,2,74.63
5314,imtiazfarhad,2,74.63
5316,prpn,2,74.82
5317,Maruki_Makoto,2,74.88
5318,Captain007,2,74.95
5319,Javohir12,2,75.12
5320,tamago4976,2,75.32
5321,Hacsl,2,75.37
5322,arghodatta,2,75.45
5323,mackey2275,2,75.57
5324,lemm1ngts,2,75.65
5325,YutaKojima,2,75.67
5326,Pruthviraj_Mane,2,75.72
5327,NgoDai,2,75.85
5328,cly312,2,76.0
5329,rex333,2,76.82
5330,Frend3m,2,76.92
5331,RegressedHeroine,2,77.02
5332,LakshayGMZ,2,77.03
5332,chht0219,2,77.03
5332,tirkey,2,77.03
5335,pujanmirani,2,77.07
5336,Nice11,2,77.17
5337,Karthikk18,2,77.3
5338,caltrop,2,77.43
5338,krixs,2,77.43
5340,marcosmont,2,77.78
5341,hirokiaviator,2,77.83
5342,vishalagarwal1,2,77.9
5343,mahaocheng,2,77.92
5344,akito_,2,77.93
5345,saidul4110,2,77.97
5346,somucodes,2,78.07
5347,Lnn_H,2,78.17
5348,toffeeturtle4521,2,78.22
5349,lamlam37,2,78.28
5350,sarve29,2,78.83
5351,saarangk,2,79.0
5352,maedoutk,2,79.08
5353,tn0bi,2,79.4
5354,kokila2903,2,79.48
5355,DavieDrown,2,79.57
5356,nullhyp,2,79.65
5357,YanQijia,2,79.72
5358,dotya_kana,2,79.73
5359,Hasan_Zia,2,79.88
5360,Xiao_Zhang,2,80.03
5361,krmn,2,80.17
5362,Level0123,2,80.83
5363,roopasree01,2,81.05
5364,MoiNeer,2,81.18
5365,shengqibao888,2,81.27
5366,minus0ne,2,81.3
5367,discruter,2,81.43
5368,lim_wu,2,81.55
5369,Manas_220206,2,82.07
5370,ramentsukemen,2,82.15
5371,justdust,2,82.18
5372,MarioLier,2,82.5
5373,SouravYogi,2,82.58
5373,novakit,2,82.58
5375,heyouqi2013,2,82.6
5376,sharlyn,2,82.65
5377,hlc130323,2,82.7
5378,LuoSipeng,2,82.82
5378,bowyell,2,82.82
5380,MelvinN,2,82.85
5381,adi1701,2,83.07
5382,Mythalis,2,83.27
5383,Supriyo177013,2,83.32
5384,black_scythe,2,83.43
5385,ambi04,2,83.57
5386,neplov,2,83.63
5387,kyokudenn,2,83.72
5388,viditr,2,83.73
5389,probable_acer,2,83.85
5390,Haze_04_,2,83.95
5391,Xzerm,2,84.27
5392,jiangxiheyuhang,2,84.3
5393,divysir,2,84.35
5394,FurryEgg,2,84.37
5395,Sunagimo_,2,84.43
5396,Roshan2006,2,84.83
5397,VonDoom,2,85.08
5398,MANOJKUMAR13,2,85.12
5399,wuwa,2,85.13
5400,ELECO,2,85.17
5401,JT22,2,85.25
5402,s910412,2,85.35
5403,l_px,2,85.57
5404,Aryan1302,2,85.6
5404,fever,2,85.6
5406,ariankg,2,85.72
5407,GowthamGowri,2,85.85
5407,nawas,2,85.85
5409,sreemathi_m,2,86.17
5410,puneeth_70,2,86.6
5411,12345678tttt34,2,86.82
5412,gw2135,2,86.9
5413,nemuilemon,2,87.07
5414,fyilo24,2,87.2
5415,hxrxchang,2,87.25
5416,JXFentj,2,87.35
5417,arufo_E217,2,87.52
5418,chenaa,2,87.72
5419,GauravVerma,2,87.88
5419,Uchiha_kasi,2,87.88
5421,pawansinghAtC,2,88.05
5422,praveen9kk,2,88.13
5423,ShadowNova,2,88.53
5424,liu3zy,2,88.73
5425,terminator01,2,88.87
5426,BharathVignesh,2,88.98
5427,naveen__,2,89.12
5428,zenx1,2,89.25
5429,yunli521,2,89.32
5430,dsevta,2,89.42
5431,jeet_2007,2,89.47
5432,GURUPRASATHSB,2,89.55
5432,shivaniii_18,2,89.55
5432,szhipeng,2,89.55
5435,shivanggupta,2,89.85
5436,Iliketrees,2,90.07
5437,HZX0831,2,90.15
5438,Evan20150613,2,90.17
5439,T18,2,90.2
5440,tanjina16,2,90.35
5441,Jatin_Aggarwal,2,90.47
5442,krank09,2,90.55
5443,Suryansh4201,2,90.6
5444,koushik_moram,2,90.62
5445,lkh1009,2,90.63
5446,rokushima,2,90.7
5447,brilliantjerry,2,90.83
5448,Lilacx621,2,91.07
5449,im_kin_oe,2,91.32
5450,MrTired,2,91.5
5451,krisvarish,2,91.52
5452,khaii,2,91.65
5453,AKAC365,2,91.67
5454,ShadowMagican,2,91.77
5455,ln0,2,92.18
5456,stellar_62,2,92.22
5457,SWARNKARSAHIL,2,92.23
5457,azizhan,2,92.23
5459,kntt,2,92.3
5460,mayank_18,2,92.35
5461,yun__,2,92.63
5462,kailash_7,2,92.68
5463,First1,2,93.3
5464,CALCULATE,2,93.4
5465,Stearin3V7,2,93.55
5466,CodeRider,2,93.58
5467,feathoud,2,93.6
5468,karthikmacharla,2,93.75
5469,nayeem525,2,93.97
5470,Ahmad123r,2,93.98
5470,Khushal19,2,93.98
5472,Lazilyzack,2,94.03
5473,Ldf1208,2,94.18
5474,showzaemon,2,94.3
5475,fortoobye,2,94.68
5476,CURZLIZ,2,94.82
5477,jkmomo,2,94.87
5478,leoperator,2,95.07
5479,tian_ye,2,95.13
5480,shreyasjoshi,2,95.17
5481,DTYing,2,95.28
5482,AshishChoudhary,2,95.32
5483,Immortal_bit,2,95.38
5484,Y_Fly,2,95.4
5485,mister_awak,2,95.43
5486,Tudi10_,2,95.48
5487,Kz25,2,95.52
5488,YuzuK,2,95.8
5489,Pikachuchu,2,95.97
5490,ECyrene,2,96.0
5491,pylons,2,96.12
5492,fe1cui_em37,2,96.42
5493,tanahiro2010,2,96.48
5494,VMHanXing,2,96.62
5495,halimgeng,2,96.73
5496,saturn657,2,96.77
5496,yingMC,2,96.77
5498,Virubhati08,2,96.98
5499,hariharan_,2,97.52
5500,anby,2,97.75
5501,longlong_int,2,98.15
5502,johan_34,2,98.18
5503,BehruzbekX,2,98.33
5504,di_sword,2,99.07
5505,Phoenix_0505,2,99.08
5506,yusuke3213,2,99.12
5507,whipl_ashh,2,99.2
5508,md_rashed,2,99.33
5509,hriday_cpp,2,99.53
5509,whilethan_rp,2,99.53
5511,djp14,2,99.62
5512,NullptrSoul,2,99.67
5513,trykush1111,2,99.75
5514,ArcXt,2,99.88
5515,meetsalman,2,99.97
5516,jason11160,2,100.22
5517,Kalstareye,2,100.4
5518,Yugo000999222111,2,100.63
5519,GOLD3Phoenix,2,101.0
5520,Firefazer28,2,101.2
5521,SankVid26,2,101.4
5522,aswini2206,2,101.52
5523,mcncheesee,2,101.73
5524,quasha,2,101.82
5525,bchbc,2,102.23
5526,hxu10,2,102.32
5527,prb045,2,102.87
5528,iis20254303,2,103.15
5529,almighty_1,2,103.18
5530,Augnik03,2,103.23
5530,dongyilang,2,103.23
5532,vanshjuneja,2,103.33
5533,dwanson,2,103.47
5534,CYJ48,2,103.73
5535,Divyashah_69,2,104.02
5536,MysteriousSaikat,2,104.65
5537,AbdAlrhman_K,2,104.67
5538,pompi21,2,104.73
5539,liyongkang,2,105.08
5540,guojinrong2014BJ,2,105.2
5541,kraditya344,2,105.23
5542,legolas7,2,105.48
5543,SwiftCurium,2,105.63
5544,RaulCodes,2,105.67
5545,abdmas,2,105.92
5546,Ishita123,2,105.97
5547,tl_jjh,2,105.98
5548,tranhaiancpp,2,106.3
5549,Lapbreeze,2,106.33
5550,CCF_NOIP,2,106.5
5551,tk555,2,106.53
5552,Prakhar2102,2,106.57
5553,MMuzembela,2,106.98
5554,cuizihang,2,107.35
5555,WC863,2,108.25
5555,makinzm2,2,108.25
5557,RohitSharmaCode,2,108.43
5558,HUANGCHENGFU,2,108.45
5559,Yyx20250209,2,108.77
5560,_MengShang_,2,109.2
5561,Mp3949,2,109.28
5562,MostafabnMohamed,2,109.35
5563,axolotl12,2,109.45
5564,int_cl,2,109.52
5565,xv1r,2,109.58
5566,cubist4707,2,109.9
5567,Aayushks,2,110.35
5568,idon,2,110.53
5569,Stars_Seeker,2,110.55
5570,Faisal_BD,2,110.85
5571,Kerim_N1,2,110.92
5572,not_genos,2,111.0
5572,wrench0_0,2,111.0
5574,pinki,2,111.18
5575,starryskymeow,2,111.93
5576,Nishanth036,2,112.2
5577,anya_At,2,112.28
5578,Mongki,2,112.33
5579,kumpu,2,112.73
5580,TrueRyoB,2,112.9
5581,ao4,2,113.2
5582,sadman_ac,2,113.32
5583,sidat,2,113.55
5584,thondon,2,113.75
5585,Dharshini2007,2,113.95
5586,PhirainEX,2,114.12
5587,dongggle,2,114.47
5588,temmie,2,114.62
5589,sora13,2,114.63
5590,Jiangmeiwen,2,115.0
5591,smart_kai,2,115.1
5592,Tharnisha,2,115.58
5593,vishxl_11,2,116.22
5594,mayankrajsrivas1,2,116.23
5595,vsh00,2,116.48
5596,Virthiga,2,116.7
5597,Yogapriya,2,116.72
5598,CodeHunterZoro,2,116.78
5599,Ilovemaths,2,116.83
5600,zyl773858631a,2,117.87
5601,Saniiii,2,118.73
5602,heyuzhen,1,0.82
5603,wyh2012,1,0.92
5604,zhangqh,1,1.02
5605,nick2010,1,1.03
5606,hackstar,1,1.3
5607,anll,1,1.37
5608,fyc2023,1,1.42
5609,Madlollipop03,1,1.6
5610,MasterCoder421,1,1.62
5611,kurna,1,1.95
5612,CH3CHO,1,2.13
5612,TongariAtamago,1,2.13
5614,yamiyosakura,1,2.17
5615,Zhang_xiangyou,1,2.2
5615,chenzhixuan2010,1,2.2
5617,bloxd,1,2.38
5617,wenjunzhe2025,1,2.38
5619,entna,1,2.52
5620,zengmaoyuan,1,2.58
5621,HarutoK_t8,1,2.75
5622,AzamatR,1,2.77
5623,DTL123,1,2.82
5624,Xeramian,1,2.83
5625,xczod,1,2.87
5626,yaohaoyou,1,2.92
5627,mikans,1,2.93
5628,hulkboy2O,1,2.98
5629,jaideepgoyal,1,3.08
5630,SyedUmar2006,1,3.12
5631,saku_pan,1,3.18
5632,wjz1115,1,3.2
5633,AT_cailuchuan3,1,3.28
5634,mmsheep,1,3.3
5635,zheqian3,1,3.37
5636,youwhenway,1,3.43
5637,ron_hell,1,3.47
5637,yuki_hitori,1,3.47
5639,Maki_python,1,3.5
5640,tsunamayo123,1,3.55
5641,invi_XD,1,3.58
5641,itsSHAD,1,3.58
5643,polyphemus,1,3.68
5644,Aman_777,1,3.7
5644,cqbzhzf,1,3.7
5646,manas25,1,3.77
5647,firefoxvaranasi,1,3.9
5648,java_one,1,3.93
5649,jc6292,1,4.03
5649,praneeth_varma,1,4.03
5651,mirua,1,4.13
5651,vivekcodes19,1,4.13
5653,Green_M,1,4.15
5654,madcap47,1,4.18
5655,noob2005,1,4.22
5656,angelinasheen,1,4.23
5657,kowakihi,1,4.4
5658,D4Cngo,1,4.48
5658,Krishna_Kaushal,1,4.48
5660,caojinming,1,4.62
5661,Priya02,1,4.65
5662,Guchiomaru,1,4.73
5663,shoshoshom,1,4.83
5664,whycjdl,1,4.97
5665,l3c0ml,1,5.02
5666,atharv_j07,1,5.08
5667,Ichijo_Seiji,1,5.17
5668,jayeshsolanki,1,5.23
5669,rikoru,1,5.25
5670,Matenfloro,1,5.28
5671,dfsyou,1,5.32
5672,Ekin123,1,5.5
5673,MyriadQ,1,5.55
5674,sriderment,1,5.7
5674,wangzhanqi,1,5.7
5676,Ic3yCr3am,1,5.77
5677,dazzling_dac,1,5.8
5678,shoki_,1,5.85
5678,wzdncr,1,5.85
5680,akhil_maddu,1,5.9
5681,Redcake,1,6.0
5681,wowaka,1,6.0
5683,espre,1,6.03
5684,Geomex001,1,6.12
5685,MariamSinger,1,6.2
5686,DaGang_AC,1,6.3
5686,xionghui,1,6.3
5688,Miri_huseynli,1,6.32
5689,VAJRA_13,1,6.5
5690,tapris,1,6.52
5691,nibabadeyeyedeba,1,6.6
5692,Null_Pointer_2,1,6.62
5693,Axteln,1,6.68
5693,rice21,1,6.68
5695,kungfupanda101,1,6.7
5696,Linyijun_,1,6.73
5697,cubeblue,1,6.85
5697,shinya01,1,6.85
5699,inouekaduo,1,6.95
5699,tianyouce,1,6.95
5701,tanishas05,1,6.97
5702,Xue_Zhoujun_RhF6,1,7.0
5703,VictorUS,1,7.07
5704,Noh029,1,7.22
5705,fattahB,1,7.23
5706,akitakejogh,1,7.32
5707,ko_math,1,7.38
5708,wwawwaww,1,7.4
5709,hyeon72,1,7.48
5710,manoj_28,1,7.5
5711,kurmanbayaytugan,1,7.75
5712,koNaKOba,1,7.82
5713,ATCcontestant,1,7.92
5714,ak_ys,1,7.93
5715,thyristarou,1,7.95
5716,krevoz,1,7.98
5717,zzc121002,1,8.0
5718,JFLS_LMH,1,8.02
5719,nishant27,1,8.03
5720,b1uebird,1,8.17
5721,kuro_phantom,1,8.2
5722,HJZhao,1,8.3
5723,wwrdg,1,8.45
5724,Suhas17,1,8.53
5725,codexmd05,1,8.58
5726,Jerry555,1,8.75
5727,sudhanshu_on,1,8.78
5727,wanyb,1,8.78
5729,vb8146649,1,8.83
5730,Gaurav_kr_308,1,8.85
5731,paulswebe,1,8.93
5732,pexxer10,1,8.97
5733,suryss_11,1,9.03
5734,drogskol,1,9.07
5735,Ian25qaq,1,9.08
5736,Shailesh__,1,9.12
5736,momoyash,1,9.12
5736,xiaochen0104,1,9.12
5739,EthanR,1,9.17
5740,X_L_Z,1,9.2
5741,srihita,1,9.3
5742,Tk7_AC,1,9.4
5743,JAYUXD,1,9.45
5744,Tanishq06,1,9.47
5745,sandipan_paria,1,9.5
5746,Artic_Guana,1,9.65
5747,elffuhs_R,1,9.73
5748,Hussain08,1,9.85
5749,LukeL6213,1,9.87
5750,konnnahina,1,9.88
5751,psiana011,1,10.03
5752,eqwf,1,10.18
5753,k3o6h7,1,10.42
5754,cyhabc,1,10.48
5755,PCMSFongCHiI,1,10.55
5756,Plungers,1,10.6
5757,ph0t0n,1,10.62
5758,zumomo,1,10.65
5759,Yuruzume,1,10.67
5759,saurabh_singh1,1,10.67
5761,shaik1967,1,10.82
5762,tsuchan13,1,10.9
5763,kanika_710,1,10.95
5764,mengchenghao,1,11.0
5764,takoitsuki,1,11.0
5766,Beixi,1,11.03
5767,youxkei,1,11.12
5768,Shruthika,1,11.25
5769,Omar_Mureb,1,11.33
5770,angelinach,1,11.37
5771,Expensiveslave,1,11.48
5772,prasad_codes,1,11.5
5773,moonsign,1,11.55
5774,sylddn,1,11.6
5775,Ionut44,1,11.68
5775,arka2008,1,11.68
5777,PunjabiSanta,1,11.8
5778,wangzeyu2013,1,11.83
5779,fanjunyi9,1,11.95
5780,kxz_123456,1,11.98
5781,tangruicheng,1,12.0
5782,tokiy,1,12.07
5783,Dharahas,1,12.22
5784,ayanryukendo,1,12.23
5785,cxywzy2011,1,12.27
5786,leyuzhang,1,12.28
5787,aliceinwonderlan,1,12.32
5787,iamrenda,1,12.32
5789,martin1194,1,12.38
5789,okaki1192,1,12.38
5791,EnderLwz,1,12.57
5792,Gao_Corp,1,12.63
5793,chfu,1,12.68
5794,Macho310,1,12.7
5795,pingu82,1,12.77
5795,yangyang1000,1,12.77
5797,Hasna,1,12.9
5798,R928,1,12.93
5799,iwnevaf,1,13.03
5800,shenmeian29,1,13.07
5801,godprogrammerx,1,13.35
5802,shreddr,1,13.4
5803,Dragon_Z,1,13.43
5804,VKLloyd,1,13.55
5805,ox1g_57,1,13.65
5806,chama_null,1,13.87
5806,happychan,1,13.87
5808,Atharv__17,1,13.88
5809,Matheusao,1,13.92
5809,domi411,1,13.92
5809,gaayi_0428,1,13.92
5812,highVine,1,14.07
5812,naminamina,1,14.07
5814,KhC13,1,14.12
5815,Neo1031,1,14.13
5815,kinako2025,1,14.13
5817,justinlgl20,1,14.25
5817,xy00c,1,14.25
5819,diyabolical,1,14.7
5820,qwertpower,1,14.73
5821,EfazAhmed11,1,14.8
5822,Iam_Rajat28,1,14.83
5823,maxmarkov41,1,14.88
5823,stu00001,1,14.88
5825,haruto149,1,14.92
5826,Queso,1,15.03
5827,Hannah_chen,1,15.07
5828,rajeevcr7,1,15.18
5829,moldo_alex09,1,15.23
5830,Mame0,1,15.35
5831,xiaoyaoteng,1,15.42
5832,Kxnux_CP,1,15.45
5833,MEHUL_2003,1,15.47
5834,kooal,1,15.5
5835,madhusudan1977,1,15.58
5836,khalidbinwalid26,1,15.65
5837,wakapaijazz,1,15.7
5838,reddy_Karan,1,15.8
5839,AckqueenS,1,15.85
5840,owasikohu,1,16.3
5841,callmeeggnog,1,16.35
5842,dhairya001,1,16.37
5842,sneb,1,16.37
5844,astronaught,1,16.38
5845,chjh,1,16.4
5846,Owen1234567890,1,16.47
5847,Vinomial,1,16.52
5848,kamranpulatov,1,16.57
5849,Aditya_Goel17,1,16.58
5849,BigmanProMax,1,16.58
5851,yogiii,1,16.68
5852,Yelizhi,1,16.7
5853,jakepp2,1,16.77
5853,jetguyonbread,1,16.77
5855,fnoiylin,1,16.82
5856,tiyonousa,1,16.85
5857,PrithvirajAbnave,1,16.9
5858,ratul28,1,16.97
5858,yinzifan,1,16.97
5860,harsh_91,1,17.0
5861,zhengxi,1,17.05
5862,python1lzd,1,17.2
5863,adii221,1,17.28
5864,HRXdefather,1,17.33
5865,lijinyang,1,17.35
5866,omiisama,1,17.38
5867,wolfledev,1,17.53
5868,mh_alex,1,17.62
5869,nishinihon,1,17.63
5870,Leo117,1,17.68
5871,dFs123,1,17.75
5872,NoAranta,1,17.83
5873,zhangjianhao0518,1,17.87
5874,rachelinabelle,1,17.93
5875,Shady_Mo,1,17.95
5876,XioaNai,1,17.97
5877,Yakult1,1,18.03
5878,HanChenrui,1,18.1
5878,xhand98,1,18.1
5880,SunitLuka,1,18.12
5881,Glitch_in_matrix,1,18.13
5882,Tanisha_07,1,18.2
5883,KaixiLi,1,18.22
5884,LikithSagar,1,18.23
5885,AkshayR,1,18.3
5886,mathlearner,1,18.33
5887,adii369,1,18.43
5888,adityameena,1,18.52
5888,skssks05,1,18.52
5890,UNKNOWN_SMS,1,18.57
5891,flanfichyz,1,18.58
5892,Tatsu80317,1,18.6
5893,Mahamudulsaikat,1,18.65
5894,jiyujin816,1,18.73
5895,zahyokun,1,18.78
5896,Uue_kun,1,18.8
5897,simaax,1,18.88
5898,yusukey2001,1,18.92
5899,LUOXIAOJIE,1,18.98
5899,jianruiyusan,1,18.98
5899,sddcd,1,18.98
5902,cdlake,1,19.15
5902,middletoro,1,19.15
5904,ShuBC,1,19.23
5904,eddie13102,1,19.23
5906,Whencut,1,19.25
5906,fdasfagfas,1,19.25
5906,luhaozhi,1,19.25
5909,shreeganesh,1,19.27
5910,GreedyHunter,1,19.3
5911,0818Cc,1,19.35
5912,dimentia,1,19.48
5912,king_wu1210,1,19.48
5914,couil,1,19.53
5915,xiazhenwei,1,19.6
5916,Co_led,1,19.83
5917,harshitsehrawat,1,19.92
5918,kashish_codes,1,19.98
5919,almostokay,1,20.02
5920,iwa4,1,20.3
5921,anusuya_devi_S,1,20.32
5922,weiy,1,20.35
5923,binary_search,1,20.38
5924,cyue0301,1,20.47
5925,ItzLucifer,1,20.52
5926,anubhav67,1,20.72
5927,pranjal25,1,20.73
5928,251341,1,20.77
5928,wuyanlin,1,20.77
5930,hyenje29,1,20.87
5931,murthy1e9,1,20.9
5932,JOE_ZYQ_0928,1,21.0
5933,rb_6769,1,21.03
5934,pranitha_63,1,21.13
5935,omsai,1,21.18
5936,ahmedhamedelsaid,1,21.22
5937,inactive_potato,1,21.27
5938,LiuZhan,1,21.32
5939,fhiro,1,21.35
5939,zjh15001572549,1,21.35
5941,zjpeng1027,1,21.7
5942,day_1_08_26,1,21.78
5943,Kuston,1,21.88
5944,Sujith_Varshan,1,21.92
5945,Praful10,1,21.95
5946,hehehe_11,1,21.98
5947,abhijeet_kumar,1,22.02
5948,didiaodewo,1,22.05
5949,WangYanzhen,1,22.08
5950,xinbinglim,1,22.17
5951,ryoma03,1,22.2
5952,hhc136,1,22.38
5953,HediSmaoui,1,22.47
5953,anjy_123,1,22.47
5955,2026kei,1,22.48
5956,EikiOta,1,22.5
5957,lin_A_chu_K_fan,1,22.6
5958,kojicyan128,1,22.82
5959,CDSuperDuo,1,22.88
5960,Enoch2013,1,22.95
5961,Nikhlesh,1,23.0
5962,shulaoban,1,23.05
5963,Mynex,1,23.08
5964,sajibv1,1,23.17
5965,RoshanRoxx,1,23.25
5966,ChilliDog,1,23.42
5967,VN_Haru,1,23.43
5967,cky747,1,23.43
5969,sortA,1,23.45
5970,pasricha_dhruv,1,23.6
5971,ColaDuli82,1,23.65
5972,amtym,1,23.68
5973,liumonong2,1,23.77
5974,ArefinMahir,1,23.88
5975,Hisen_berg,1,23.95
5976,Sinonen,1,24.1
5977,cgy20140502,1,24.18
5978,uvv_01,1,24.2
5979,kaotekinine,1,24.32
5980,phbmax007,1,24.35
5981,Nekke,1,24.5
5982,cyz20120616,1,24.52
5983,alan_ak_18,1,24.53
5984,vectorexpr,1,24.58
5985,Fordsbrav,1,24.62
5985,sanket0248,1,24.62
5987,jay_solves,1,24.65
5988,deepak7045,1,24.67
5989,gugugaca,1,24.68
5990,Luffy123,1,24.72
5991,kokokeratsov,1,24.8
5992,Thirstarfish,1,24.95
5993,Naivete07,1,24.97
5994,Rishi2004,1,25.03
5995,albax,1,25.27
5996,CloverAAA,1,25.55
5997,metakin256,1,25.58
5998,akshatiiitl,1,25.65
5999,wyjun,1,25.67
6000,YY0707,1,25.8
6001,KhoaVN2008,1,25.82
6002,VEKASH_E,1,25.83
6003,Akikomugi,1,25.92
6003,cowliffeovid,1,25.92
6005,emari,1,26.0
6006,imhohim,1,26.03
6007,raza2486,1,26.07
6008,brucechen,1,26.22
6009,SumaiyaRaisa,1,26.25
6010,HigherSky,1,26.42
6011,Aakash_nitdgp,1,26.48
6012,opal_Inwza007x,1,26.55
6013,koug,1,26.65
6014,wubobo_,1,26.73
6015,Soulake,1,26.75
6016,kaviyarasu,1,26.78
6017,SBhavadharani,1,26.9
6018,MstUmmeHabiba25,1,26.95
6019,YueZhengLing,1,27.0
6020,Ekber_Ekber,1,27.02
6021,skykid111,1,27.07
6022,seven7_2,1,27.17
6023,fahad_atcoder,1,27.18
6023,huanghaotong,1,27.18
6025,jya_,1,27.25
6026,BalaneML,1,27.32
6027,H_zero,1,27.35
6028,Nikuu8191,1,27.37
6028,lmaz,1,27.37
6028,tethet,1,27.37
6031,ShashwatPat,1,27.47
6032,bintu66,1,27.52
6033,AvinP,1,27.55
6034,keysersoze7,1,27.62
6035,lbmzxhb,1,27.78
6036,prakhar12singh,1,27.87
6037,Charan_GD,1,27.9
6038,rajveer_6,1,27.98
6039,yoshi_88,1,28.03
6040,suziyue,1,28.08
6041,busy_,1,28.13
6042,ScaredIcicle,1,28.17
6043,Nikhil_N,1,28.2
6044,takumtmt,1,28.47
6045,chuchu2013,1,28.48
6046,athreyas0906,1,28.52
6046,my19,1,28.52
6048,smathhaf09,1,28.53
6049,haruna0504,1,28.67
6049,liudailin,1,28.67
6051,Sachin01s,1,28.7
6051,VedikaBaheti,1,28.7
6051,axiom404,1,28.7
6054,zhaohuanjin,1,28.72
6055,FirstEmperor,1,28.82
6056,xiaozhengguo123,1,28.95
6057,user_07,1,29.08
6058,Devu82,1,29.1
6059,Namz,1,29.13
6060,AITMY_SF,1,29.18
6061,Solong_Never,1,29.23
6062,harshvardhan416,1,29.27
6063,helloxs,1,29.38
6064,Abhinav777,1,29.42
6064,AryanSri15,1,29.42
6064,abcdef_Z,1,29.42
6067,ItsAvy,1,29.58
6068,onikuuuuuuuuu,1,29.6
6069,qzr_ak_ioi,1,29.63
6070,xudongyi1,1,29.67
6071,patrickfang,1,29.68
6072,JZX119,1,29.7
6073,W105202wwc,1,29.72
6073,kssttttt,1,29.72
6075,edhihori,1,29.73
6076,abdullah_pakzat,1,29.8
6076,narimo,1,29.8
6078,ahmad91,1,29.95
6079,mathagician,1,29.97
6080,HuangHao,1,30.03
6081,wgzw_acode_01001,1,30.05
6082,moderax_draxx,1,30.08
6082,sloma,1,30.08
6084,lanblanb,1,30.17
6085,matthewvallerio,1,30.18
6086,Xiaoyangmiem1e,1,30.23
6087,yizihang20131029,1,30.32
6088,tojocy,1,30.48
6089,euajgfnkiak,1,30.6
6090,jizhenyu,1,30.63
6091,koala_cby,1,30.67
6092,Qianran123,1,30.68
6093,zxrzxrzxrzxr,1,30.83
6094,Ahmedzakay77,1,30.93
6095,navneet_code,1,30.95
6096,jellyfishkuo,1,31.03
6097,AdamAsheen,1,31.07
6098,zhongyuan,1,31.13
6099,the_beast_,1,31.15
6100,pengzihao0529,1,31.22
6101,hanzaki427,1,31.35
6102,ambrish710,1,31.37
6103,Axionix,1,31.65
6104,Krushna_ahh,1,31.75
6105,alexanderfelix,1,31.77
6106,hiro1noue,1,31.87
6107,jianghc,1,31.97
6108,DevnDevil,1,31.98
6108,LK19,1,31.98
6108,LemonMatcha,1,31.98
6108,NekoNeko1,1,31.98
6112,Siva7926,1,32.0
6113,zhuangjinning,1,32.08
6114,Ahui2667d,1,32.17
6114,Noxiq,1,32.17
6114,nstns,1,32.17
6117,hqer,1,32.32
6118,kexun_kevin,1,32.37
6119,chen78999,1,32.43
6119,singharpit2492,1,32.43
6121,Dandelionx,1,32.5
6122,k_k0623,1,32.55
6123,wobushiren114,1,32.7
6124,wenlebo,1,32.73
6125,Czhearth,1,32.75
6126,shiokun,1,32.92
6127,TselmegKh,1,32.98
6128,idont,1,33.02
6129,astatine_85,1,33.07
6130,hellohtml,1,33.1
6131,Maheshwari,1,33.12
6132,AyushRaj127,1,33.17
6133,maylord,1,33.18
6134,daichi5050,1,33.2
6135,Sai98,1,33.25
6136,YashSunilTathod,1,33.28
6137,cakogix,1,33.32
6138,Devkumar7,1,33.35
6139,Haresh_R,1,33.4
6140,ys_2012,1,33.45
6141,abekem,1,33.5
6142,zhanghaoxuanzhx,1,33.63
6143,anupam99jain,1,33.72
6144,YellowHollyhock,1,33.77
6144,wangqixiang,1,33.77
6146,jimyao,1,33.78
6147,manthano0322,1,33.83
6148,diveinm,1,33.87
6149,Gamasan,1,33.92
6150,kavya_si,1,33.98
6151,Sathish_JL_07,1,34.15
6152,vvvvvvvvip,1,34.17
6153,u_know_mw,1,34.2
6154,Krr1ssh_,1,34.27
6155,doitmuna,1,34.38
6156,hibiki2013,1,34.45
6157,Hughpig,1,34.63
6158,comedy_bandar,1,34.85
6159,Contend5356,1,34.87
6160,ChuntuMiyaa,1,35.07
6161,exophia,1,35.15
6162,JiangYule2011,1,35.17
6163,deepanshi4_27,1,35.22
6164,Ayush_Ranjan_30,1,35.3
6164,Roy240522,1,35.3
6166,kishnandan,1,35.38
6167,Nakahara_R,1,35.47
6168,strzzhion,1,35.48
6169,adcventur,1,35.55
6169,gaiiiel,1,35.55
6171,Raja_ram,1,35.57
6172,W_Yuxin,1,35.58
6173,abdulkayum,1,35.62
6173,diya_,1,35.62
6173,hhhyyyfff,1,35.62
6176,kaverikanchan,1,35.88
6177,spacecowboy03,1,35.93
6178,matunoki4323,1,36.05
6179,Fanzuhao,1,36.08
6180,chenguoting,1,36.2
6181,srivarshanl07,1,36.22
6182,Bishwajit45,1,36.28
6183,yuyu0202,1,36.3
6184,Morgann,1,36.37
6185,BRQdengyuMV,1,36.42
6186,Herrscher,1,36.47
6187,HARYULIS,1,36.48
6188,jerzyk,1,36.67
6189,Kinako0908,1,36.72
6190,notBalMithai,1,36.73
6191,syloe,1,36.77
6192,NitinNoob,1,36.78
6193,rahulmalakar42,1,36.93
6194,Asaduzzaman1,1,36.97
6195,_Sherbiny,1,36.98
6196,athmeeyakashyap,1,37.03
6197,asdko,1,37.07
6198,ByteShadow,1,37.12
6198,W105202W,1,37.12
6200,ChapterGreen,1,37.2
6201,chuanyiz,1,37.28
6202,jiangxutong,1,37.32
6203,h7r,1,37.4
6204,callmepandey,1,37.45
6204,clwan,1,37.45
6206,All_Might_1,1,37.5
6207,Aditya_Mondol,1,37.55
6208,shoki_z,1,37.58
6209,YallaRohini,1,37.63
6209,namonaki,1,37.63
6209,sjdyfwlf,1,37.63
6212,pgsenshi,1,37.67
6213,tojocyriaque,1,37.68
6214,Shiva_Narisimha,1,37.82
6214,Spitak,1,37.82
6216,Amanhere,1,38.03
6217,YCSC6H8O6,1,38.15
6218,houhuachen,1,38.17
6218,tanyt,1,38.17
6220,roshii,1,38.22
6221,saraswatansh,1,38.5
6222,tototet,1,38.52
6223,wuccat,1,38.62
6224,z2h,1,38.75
6224,zhangchao,1,38.75
6226,Harshinip,1,38.78
6227,CYhuang,1,38.83
6228,koseii,1,38.95
6229,BetaMath05,1,39.03
6230,r523,1,39.05
6231,Ayushman_Aryan,1,39.1
6232,YaLong,1,39.13
6233,aaaaaaaaaas,1,39.22
6234,ReiriKudo,1,39.38
6234,shirasu075,1,39.38
6236,NiravK,1,39.43
6237,NevilVataliya,1,39.52
6237,nafi_2025,1,39.52
6239,babachicken,1,39.65
6240,khudabox144,1,39.72
6241,knightrishi,1,39.73
6241,xuziqi,1,39.73
6241,yanghongzheng,1,39.73
6244,18marks,1,39.93
6245,dengmuyang,1,40.02
6246,Guhong_X,1,40.1
6247,solo_king,1,40.22
6248,leaf_387,1,40.43
6249,codeenhancer,1,40.5
6250,aabc,1,40.57
6251,Shafrin,1,40.63
6252,hj23308,1,40.85
6252,kuangbiaopilihu,1,40.85
6254,Qball123,1,40.87
6255,spark_kiwi,1,40.9
6256,Baku_674,1,41.0
6256,thepersonilike13,1,41.0
6258,saurabhkun,1,41.03
6259,clanel0000,1,41.2
6260,yueyuanzhiyyz,1,41.22
6261,Shreshth1d,1,41.23
6261,dhruvin_2006,1,41.23
6261,tao75,1,41.23
6264,Tokiya_kuezaki,1,41.25
6264,deng2013,1,41.25
6266,RFO,1,41.3
6267,sherlockone,1,41.38
6268,zcofsn,1,41.42
6269,bb123123456,1,41.43
6269,mashen,1,41.43
6271,NDY99,1,41.7
6272,d1_shakib,1,41.73
6273,Suyash17,1,41.75
6274,skipollk,1,41.78
6275,sahilhello,1,41.8
6276,billy0140,1,41.82
6276,the1,1,41.82
6278,YogeswariJakka,1,41.83
6278,qazplm2bsb,1,41.83
6280,mixirica,1,42.02
6281,Zcr_JH123,1,42.03
6282,bhuwanhike,1,42.08
6283,Mryosuke,1,42.13
6283,TheSnowBear,1,42.13
6285,michinoku,1,42.2
6286,saumyar26,1,42.32
6287,fangyiming13579,1,42.35
6288,se1fish,1,42.43
6289,HiteSK,1,42.47
6290,dreamrabbit,1,42.67
6291,Pamm,1,42.68
6292,Temuun,1,42.7
6293,Naru820,1,42.72
6294,bosang,1,42.75
6295,KingOfNoseden,1,42.77
6296,Sainath25,1,42.82
6297,ek3389,1,42.83
6298,ichigak,1,42.88
6298,xiaocheng,1,42.88
6300,Retej,1,42.95
6301,manthanchheda,1,43.02
6302,MBSTGame,1,43.05
6302,poske,1,43.05
6304,Sevara,1,43.07
6304,t19r3,1,43.07
6306,Shady_Fameem,1,43.12
6307,Y33,1,43.2
6308,wangzeyang,1,43.23
6309,Fe_,1,43.33
6310,Aayush_kotadia,1,43.45
6310,ZhaoZiyou,1,43.45
6312,lokesh7139,1,43.48
6313,akihana,1,43.53
6314,deviprasadn,1,43.55
6315,Lucas_zhy,1,43.58
6316,OkazuNimame,1,43.68
6317,ninjinn,1,43.77
6318,Kirito_darkness,1,43.78
6319,whxgbcy,1,43.8
6320,tqi23820,1,43.87
6321,Aryan_099,1,43.88
6322,Atroush__,1,43.92
6323,jeffersengodfrey,1,43.98
6324,xtynct,1,44.02
6325,hirayou,1,44.03
6326,zahra1999,1,44.07
6327,ac23huangyuxiang,1,44.22
6328,nejimaki,1,44.23
6329,Aestivate,1,44.28
6330,Payel_18,1,44.37
6330,cqbzwjy,1,44.37
6332,frogtu,1,44.38
6333,up_p,1,44.4
6334,lxyt_415x,1,44.42
6335,proparitosh,1,44.43
6336,MADHAIYAN07,1,44.45
6336,jim12345,1,44.45
6336,yh24CYM,1,44.45
6339,Samuel131011,1,44.53
6340,longheight,1,44.62
6341,xiaozelong,1,44.67
6342,liujiahe11,1,44.72
6343,Abiramibalu,1,44.82
6344,Genius2014,1,44.93
6345,akiaki3333,1,44.95
6346,shantizhe,1,45.03
6347,Mark_Pei,1,45.08
6348,Qinds0103,1,45.1
6349,Pranjalsirmor,1,45.2
6350,pkojbhvg,1,45.25
6351,RunnTimeTerror,1,45.3
6352,dragon7,1,45.35
6352,rishi999,1,45.35
6354,Preetam_0001,1,45.38
6355,crash_master,1,45.43
6356,Mr_Ismail,1,45.48
6357,yashkyu,1,45.55
6358,Lcy121028,1,45.62
6359,zyc173,1,45.68
6360,gwchenqian,1,45.73
6360,lemons,1,45.73
6362,UjjwalPandey45,1,45.75
6363,east1016,1,45.77
6363,sadfaweftagvze,1,45.77
6365,yuvaraj_1505_,1,45.82
6366,Mizar74,1,45.83
6367,ever_nothing,1,45.85
6367,xuxiangwei,1,45.85
6369,capy_kun,1,45.88
6370,Hoshi__,1,45.9
6371,LokeshPotha,1,45.95
6372,liushengxi,1,45.97
6373,Wanthking,1,46.0
6374,bala_siva,1,46.07
6375,Eltormtace,1,46.18
6376,Shristy99,1,46.27
6377,DEATHROID,1,46.28
6378,rushina,1,46.37
6379,Red_comcom,1,46.38
6380,Jessica_Li,1,46.42
6380,dormouse,1,46.42
6382,ParthSharma24,1,46.48
6383,Midoriya_Izuku,1,46.53
6383,liyuxuan666666,1,46.53
6385,Artuy,1,46.77
6386,xujing123456789,1,46.78
6387,kiritosao185,1,46.93
6388,ricky_V2,1,47.03
6389,BALAJI_MAHARAJ,1,47.25
6390,manmoth24,1,47.28
6391,peroon,1,47.42
6392,Harishmitha07,1,47.43
6392,farawaystar,1,47.43
6394,r0x2a,1,47.52
6395,gaurig08,1,47.53
6396,romazan_29,1,47.57
6397,saurabh_sgrg,1,47.58
6398,CcyMars,1,47.65
6399,AD1520,1,47.68
6399,NhatThhu,1,47.68
6401,S1ya,1,47.77
6402,C_prince,1,47.78
6402,anywhere,1,47.78
6404,PJZ,1,47.85
6405,VarunGuptaPy,1,48.07
6406,Mu_YueSheng,1,48.08
6407,quake3player,1,48.1
6408,noobytooby05,1,48.15
6409,soumalya_1,1,48.17
6409,zzz13579zzz,1,48.17
6411,Malathi_kit,1,48.2
6411,anandanshu07,1,48.2
6413,AC2K,1,48.22
6414,qweqw123,1,48.23
6414,rk_verma77,1,48.23
6416,mhnd01s,1,48.35
6417,ysato041,1,48.4
6418,MrPigcken,1,48.5
6418,kbobshida,1,48.5
6420,xgzwhy,1,48.52
6421,caoyupeng,1,48.53
6422,Harshad0006,1,48.62
6422,jj_master,1,48.62
6424,yangzhetai,1,48.7
6425,Harsh_Swami,1,48.72
6426,Aditya0901,1,48.77
6427,iamkartikey07,1,48.82
6428,srishtisomya,1,48.83
6429,Nijiacheng,1,48.9
6430,rahul_26,1,48.98
6431,LactoIce,1,49.07
6432,Ravish09,1,49.13
6433,ptoolis,1,49.18
6434,medeiroxxx,1,49.2
6435,zhenghaishu,1,49.25
6436,dengzheli91,1,49.4
6436,guhdguhsaguhjcgv,1,49.4
6438,willl,1,49.62
6439,Breakon,1,49.63
6439,Eric_T800,1,49.63
6441,Poetry_martyr,1,49.67
6442,Gokila_Harini,1,49.7
6442,legendprogrammer,1,49.7
6444,aarushi222,1,49.72
6445,zwysk,1,49.77
6446,RohitYadavs,1,49.98
6447,Jawaharbasha,1,50.02
6448,wook,1,50.12
6449,M_Pln,1,50.13
6450,sanjusri02,1,50.27
6451,yuki113_53,1,50.3
6452,aaeras,1,50.33
6453,HarshM12,1,50.53
6454,Dhanuhsya345,1,50.62
6455,xy01c,1,50.67
6456,anemame,1,50.75
6457,tyabi,1,50.77
6458,Yahoo00,1,50.8
6459,Avalon98521,1,50.9
6460,AdityaDhara,1,50.92
6461,suyunqiaoKID,1,50.95
6462,Goshaloveu,1,51.03
6463,jadeproheshan,1,51.13
6463,joe_study,1,51.13
6463,kale220,1,51.13
6466,ManishaSharma,1,51.18
6467,jinwandalaomu,1,51.25
6468,Irial,1,51.38
6468,huanxie,1,51.38
6470,bfs_dfs,1,51.47
6471,SharinganKakashi,1,51.5
6472,AK_CS,1,51.53
6472,Kasasagi1,1,51.53
6474,Qury,1,51.73
6474,shaula711,1,51.73
6476,Aditya149,1,51.77
6477,ParthSharmaBITS,1,51.8
6477,kouyiteng0210,1,51.8
6479,PradhumGupta,1,51.82
6479,hackgg106,1,51.82
6481,man100,1,51.85
6481,sachinraj,1,51.85
6483,Ayush98171,1,51.88
6483,kitarorpheus,1,51.88
6485,abgkilla,1,51.95
6486,zerokelvin,1,51.97
6487,waiwai0121,1,51.98
6488,shreya12,1,52.1
6489,vajron,1,52.12
6490,kinu1018,1,52.13
6491,Vivek7282,1,52.17
6491,YuanZiJun,1,52.17
6493,goudezhao,1,52.27
6494,sannma,1,52.73
6494,zhengyt,1,52.73
6496,abokado25377,1,52.88
6497,StrangeSpark,1,52.92
6498,A_M_X,1,52.95
6498,At_canwen,1,52.95
6500,zahidayyubi09,1,53.0
6501,25101575,1,53.1
6502,Bugwizard,1,53.13
6502,sotoayampakyanto,1,53.13
6504,KevinHuang12,1,53.22
6505,Rishavshah,1,53.38
6506,TripleD,1,53.43
6507,hty111,1,53.5
6508,coph,1,53.62
6509,POKOPO,1,53.65
6510,shriram716,1,53.68
6511,Deepti3778,1,53.78
6512,Frank678,1,53.88
6513,RenishSoundhra_S,1,53.93
6514,adi_24,1,53.98
6515,Shitanshu_patel,1,54.02
6516,MonishK,1,54.03
6516,NAHJISOO,1,54.03
6518,Juruowhker,1,54.05
6519,Anojith_Anik,1,54.07
6519,yossiy,1,54.07
6521,Gurucharan44,1,54.1
6522,SourCreamOnion,1,54.12
6523,Krishan12,1,54.15
6524,nike_007,1,54.18
6525,Raja_Void_07,1,54.2
6526,pzyisme,1,54.22
6527,Deen_coder786,1,54.25
6528,tttjy,1,54.3
6529,Keito1027,1,54.32
6530,cho13,1,54.42
6530,qlyxb,1,54.42
6532,ULL,1,54.45
6533,Pragmatism_,1,54.55
6534,MiyaChikara,1,54.58
6535,omicoded19,1,54.68
6536,Supanat,1,54.7
6536,xiwen_Mist,1,54.7
6538,ayush15567,1,54.87
6539,zhoujunhong,1,54.88
6540,dzung256,1,54.9
6541,vaibhavsriram,1,54.93
6542,joy873,1,55.05
6543,GAUTHAM_S_007,1,55.07
6543,kamidesu,1,55.07
6545,acro1895,1,55.1
6545,fangjianan,1,55.1
6547,Davi_Br,1,55.15
6548,priya_03,1,55.17
6549,chaithanya9492,1,55.2
6549,hiroaki1024,1,55.2
6551,SaranyaD,1,55.22
6551,optimistA,1,55.22
6553,ElevenLZYG,1,55.27
6554,adityajain24,1,55.55
6554,sagarraj,1,55.55
6556,Lokesh_Guptha,1,55.57
6557,PiyushTripathi,1,55.65
6557,yongyezhu,1,55.65
6559,saltedfish2tech,1,55.67
6560,HJR0930,1,55.78
6561,Ishak,1,55.82
6562,Suitchan31,1,55.88
6563,anataaaaq,1,55.9
6564,tarannom,1,55.98
6565,malinhao45,1,56.0
6566,Alicesora,1,56.05
6567,TTwTT,1,56.1
6567,Vessalius,1,56.1
6567,dead_Poet_,1,56.1
6567,vakshana_007,1,56.1
6571,CTGU_hyy,1,56.13
6571,TianWY,1,56.13
6573,Kofy,1,56.15
6574,hejiaming123,1,56.18
6574,null_1,1,56.18
6576,lzl_g,1,56.23
6577,Rashmi123,1,56.33
6577,macle,1,56.33
6579,Ateeq123_,1,56.47
6580,kilees,1,56.5
6581,luobobobobo,1,56.58
6582,menglinghang,1,56.6
6583,Sarthaki_Bhoir,1,56.62
6584,Priyanka_1234,1,56.67
6584,liuyukun,1,56.67
6586,Prakasam_06,1,56.68
6587,mdsayeed,1,56.7
6588,GFXCJM,1,56.73
6589,ChandrahasAbburi,1,56.75
6589,Xenonic_216,1,56.75
6591,ZhengZhaoyi888,1,56.8
6592,Veeramangai,1,56.83
6593,MayFourteenth,1,56.88
6593,RulerChen,1,56.88
6595,zyfu,1,56.93
6596,yoa1227,1,56.95
6597,PS_,1,57.15
6597,sumit_9462,1,57.15
6599,MI47,1,57.22
6600,Baohanxu2,1,57.23
6601,haruyuki_16278,1,57.27
6602,Kartheesh001,1,57.28
6602,hello_kitty_06,1,57.28
6604,Tharunya24,1,57.32
6605,xxx_x,1,57.33
6606,kangluoling,1,57.35
6607,Kunal_sahu_877,1,57.37
6608,0base42,1,57.5
6608,ArjunGiri_1312,1,57.5
6610,maxtree,1,57.58
6610,wifi0,1,57.58
6612,kikanshathomas,1,57.62
6613,SKOA,1,57.72
6614,GX6zm,1,57.73
6614,Sk_sync_closer,1,57.73
6614,yxwQWQ_,1,57.73
6617,amkr,1,57.78
6618,azizs,1,57.83
6618,milk_pudding,1,57.83
6620,Praveen09kk,1,57.95
6620,Rayren,1,57.95
6622,tlwc,1,58.13
6623,Akshaybharathi,1,58.17
6624,nhphuc,1,58.27
6625,a6cenna,1,58.3
6626,fish_love_cat,1,58.32
6627,Even_If,1,58.33
6628,Msgnh,1,58.5
6629,keichankotaro,1,58.57
6630,carpenterx,1,58.62
6631,Dhinesh2510,1,58.7
6631,Noro65,1,58.7
6633,Lonelycity,1,58.73
6634,Sunyichun,1,58.83
6635,sg11,1,58.85
6636,Chess4L34rnCod3r,1,58.88
6636,qcode_aya,1,58.88
6638,Ravishankar200,1,58.92
6639,navneet7,1,58.95
6640,xyw690900,1,58.98
6641,Utkarsh_1729,1,59.02
6642,Togemmm,1,59.13
6643,lmhlmh,1,59.15
6644,silenciaciencia,1,59.17
6645,haroon,1,59.22
6646,hisui527,1,59.23
6647,Adam_123,1,59.25
6648,WangZeYun,1,59.28
6649,Pranay_Peddinti,1,59.3
6650,yoCmasa,1,59.32
6651,Krish05,1,59.35
6652,Yize2010,1,59.43
6653,kakert,1,59.47
6653,lingxiao2006,1,59.47
6655,sksensoko,1,59.48
6656,bluesquid29,1,59.5
6657,GZXUEXUE,1,59.52
6657,kushagra_kadyan,1,59.52
6657,sedge_sky_91,1,59.52
6660,nohu,1,59.53
6661,karthik_prakasam,1,59.57
6662,Pavan_Lella,1,59.6
6662,iManavMalhotra,1,59.6
6664,sohampatil01,1,59.63
6665,Dharsh05,1,59.7
6666,Humendous,1,59.73
6666,steinum,1,59.73
6668,Omar_Abdel3al,1,59.75
6669,saam,1,59.77
6670,Pradeep_27,1,59.83
6670,shiziyu111,1,59.83
6672,hardikdhamija,1,59.87
6673,tatuto,1,59.92
6674,hashini,1,59.93
